-- Script de migração do banco de dados AvaliaRH
-- Gerado em 2025-03-10T07:21:57.401Z

-- Desabilitar restrições de chave estrangeira
SET session_replication_role = replica;

-- Limpar tabelas existentes
TRUNCATE TABLE "Response" CASCADE;
TRUNCATE TABLE "UsedInviteCode" CASCADE;
TRUNCATE TABLE "Option" CASCADE;
TRUNCATE TABLE "TestQuestion" CASCADE;
TRUNCATE TABLE "StageQuestion" CASCADE;
TRUNCATE TABLE "Question" CASCADE;
TRUNCATE TABLE "TestStage" CASCADE;
TRUNCATE TABLE "Stage" CASCADE;
TRUNCATE TABLE "tests" CASCADE;
TRUNCATE TABLE "Candidate" CASCADE;
TRUNCATE TABLE "Category" CASCADE;
TRUNCATE TABLE "Admin" CASCADE;
TRUNCATE TABLE "User" CASCADE;

-- Dados da tabela User
INSERT INTO "User" ("id", "name", "email", "password", "role", "createdAt", "updatedAt") VALUES
('551a34b6-d076-4bc6-beda-d4144d8a639a', 'Administrador', 'admin@empresa.com', '$2a$10$TiAUJgtzGNwFSTPhi39UeuemHgUp/k9kdURfaHROs/qa4qBWqvfQS', 'ADMIN', '2025-03-09T22:14:30.696Z', '2025-03-09T22:14:30.696Z');

-- Dados da tabela Admin
INSERT INTO "Admin" ("id", "name", "email", "password", "company", "position", "phone", "createdAt", "updatedAt") VALUES
('2d9b5b99-d3f7-426a-b3b7-e8447c741c07', 'Administrador', 'admin@empresa.com', '$2a$10$yz.GFv4w1p8E4OCbiPhMZeSv4yFB.gd5RIPVI9.e3eXqI6.Qq7gyi', 'AvaliaRH', 'Gerente de RH', '(11) 99999-9999', '2025-03-09T22:14:30.755Z', '2025-03-09T22:14:30.755Z');

-- Dados da tabela Category
INSERT INTO "Category" ("id", "name", "description", "createdAt", "updatedAt") VALUES
('a7b06c3f-8992-4c29-be35-65e5c7453ac4', 'Raciocínio Lógico', 'Questões de raciocínio lógico e dedutivo', '2025-03-09T23:37:43.289Z', '2025-03-09T23:37:43.289Z'),
('23ca050a-4c43-4a1e-a7f4-7744e6fe60aa', 'Matemática Básica', 'Questões de matemática básica e cálculos', '2025-03-09T23:37:43.301Z', '2025-03-09T23:37:43.301Z'),
('e30ebae1-27d0-49e4-a1e7-67c6f7457047', 'Compreensão Verbal', 'Questões de compreensão e uso da língua portuguesa', '2025-03-09T23:37:43.304Z', '2025-03-09T23:37:43.304Z'),
('9f1bdced-7d7b-41a5-93ac-420645ff325d', 'Aptidão Espacial', 'Questões de visualização e raciocínio espacial', '2025-03-09T23:37:43.307Z', '2025-03-09T23:37:43.307Z'),
('d7832da3-0784-4b1d-a54e-2989dbdf4c59', 'Raciocínio Abstrato', 'Questões de raciocínio abstrato e padrões', '2025-03-09T23:37:43.310Z', '2025-03-09T23:37:43.310Z'),
('936548a5-a693-4f40-bc0d-3902ff11a664', 'Tomada de Decisão', 'Questões sobre tomada de decisão em ambiente profissional', '2025-03-09T23:37:43.312Z', '2025-03-09T23:37:43.312Z');

-- Dados da tabela tests
INSERT INTO "tests" ("id", "title", "description", "timeLimit", "active", "createdAt", "updatedAt") VALUES
('6955e772-5d28-4e69-b06c-100e059fea06', 'Teste de Inteligência Geral - GIA', 'Teste completo de avaliação de inteligência geral com 6 etapas: Raciocínio Lógico, Matemática Básica, Compreensão Verbal, Aptidão Espacial, Raciocínio Abstrato e Tomada de Decisão.', 60, TRUE, '2025-03-09T23:40:39.576Z', '2025-03-09T23:40:39.576Z');

-- Dados da tabela Stage
INSERT INTO "Stage" ("id", "title", "description", "order", "testId", "createdAt", "updatedAt") VALUES
('stage-logic-01', 'Raciocínio Lógico', 'Testes de padrões, sequências e dedução lógica', 1, '6955e772-5d28-4e69-b06c-100e059fea06', '2025-03-09T22:15:38.079Z', '2025-03-09T22:15:38.078Z'),
('stage-math-02', 'Matemática Básica e Resolução de Problemas', 'Cálculo mental, proporções e análise de dados', 2, '6955e772-5d28-4e69-b06c-100e059fea06', '2025-03-09T22:15:38.091Z', '2025-03-09T22:15:38.078Z'),
('stage-verbal-03', 'Compreensão Verbal', 'Interpretação de texto, sinônimos, analogias', 3, '6955e772-5d28-4e69-b06c-100e059fea06', '2025-03-09T22:15:38.093Z', '2025-03-09T22:15:38.078Z'),
('stage-spatial-04', 'Aptidão Espacial', 'Questões envolvendo rotação mental e padrões visuais', 4, '6955e772-5d28-4e69-b06c-100e059fea06', '2025-03-09T22:15:38.096Z', '2025-03-09T22:15:38.078Z'),
('stage-abstract-05', 'Raciocínio Abstrato', 'Questões que exigem encontrar relações não óbvias', 5, '6955e772-5d28-4e69-b06c-100e059fea06', '2025-03-09T22:15:38.098Z', '2025-03-09T22:15:38.078Z'),
('stage-decision-06', 'Tomada de Decisão e Solução de Problemas', 'Situações hipotéticas e a melhor resposta', 6, '6955e772-5d28-4e69-b06c-100e059fea06', '2025-03-09T22:15:38.100Z', '2025-03-09T22:15:38.078Z');

-- Dados da tabela TestStage
INSERT INTO "TestStage" ("id", "testId", "stageId", "order", "createdAt", "updatedAt") VALUES
('e53afc22-9384-4074-8d3c-0b550e556658', '6955e772-5d28-4e69-b06c-100e059fea06', 'stage-logic-01', 3, '2025-03-09T23:40:39.609Z', '2025-03-09T23:40:39.609Z'),
('57e66b3c-4a49-4a14-b668-b3662a5e4b91', '6955e772-5d28-4e69-b06c-100e059fea06', 'stage-math-02', 6, '2025-03-09T23:40:39.676Z', '2025-03-09T23:40:39.676Z'),
('efac4954-6ea0-4dc2-aa4a-590bb1812f17', '6955e772-5d28-4e69-b06c-100e059fea06', 'stage-verbal-03', 7, '2025-03-09T23:40:39.696Z', '2025-03-09T23:40:39.696Z'),
('2a4212d0-326f-46ba-9851-7218232b209a', '6955e772-5d28-4e69-b06c-100e059fea06', 'stage-spatial-04', 8, '2025-03-09T23:40:39.739Z', '2025-03-09T23:40:39.739Z'),
('fc31edbf-8491-4e3e-9dc5-1fc2182991c9', '6955e772-5d28-4e69-b06c-100e059fea06', 'stage-abstract-05', 9, '2025-03-09T23:40:39.779Z', '2025-03-09T23:40:39.779Z'),
('8eacebaa-682a-4da1-9afa-0ed6406a18da', '6955e772-5d28-4e69-b06c-100e059fea06', 'stage-decision-06', 10, '2025-03-09T23:40:39.821Z', '2025-03-09T23:40:39.821Z');

-- Dados da tabela Question
INSERT INTO "Question" ("id", "text", "stageId", "categoryId", "createdAt", "updatedAt") VALUES
('76b84275-a811-4248-aeb0-642d77181be4', 'Se Maria é mais alta que João e João é mais alto que Carlos, então:', 'stage-logic-01', 'a7b06c3f-8992-4c29-be35-65e5c7453ac4', '2025-03-09T23:37:43.335Z', '2025-03-09T23:37:43.335Z'),
('c6b19cef-7c3e-4475-8490-7a7c17b5deec', 'Qual dos seguintes números não pertence à sequência? 3, 6, 9, 12, 14, 15, 18', 'stage-logic-01', 'a7b06c3f-8992-4c29-be35-65e5c7453ac4', '2025-03-09T23:37:43.340Z', '2025-03-09T23:37:43.340Z'),
('dfb348f8-5547-478d-a017-d55ceb69b42c', 'Se A → B e B → C, então:', 'stage-logic-01', 'a7b06c3f-8992-4c29-be35-65e5c7453ac4', '2025-03-09T23:37:43.346Z', '2025-03-09T23:37:43.346Z'),
('e18846fd-9be2-453d-bb12-789b1ab92039', 'Se todos os cachorros latem e Rex é um cachorro, então:', 'stage-logic-01', 'a7b06c3f-8992-4c29-be35-65e5c7453ac4', '2025-03-09T23:37:43.357Z', '2025-03-09T23:37:43.357Z'),
('ffd2e3cd-7f69-47ea-823c-e243315874a5', 'Se 5x + 10 = 30, qual o valor de x?', 'stage-logic-01', 'a7b06c3f-8992-4c29-be35-65e5c7453ac4', '2025-03-09T23:37:43.363Z', '2025-03-09T23:37:43.363Z'),
('54b9d035-f457-4aae-b25e-09a22e0c4433', 'Se um número é múltiplo de 3 e de 4, ele também é múltiplo de:', 'stage-logic-01', 'a7b06c3f-8992-4c29-be35-65e5c7453ac4', '2025-03-09T23:37:43.369Z', '2025-03-09T23:37:43.369Z'),
('b9581200-3eb3-44a7-b0fc-b0250ec1a6ec', 'Qual é o resultado de 25 + 37?', 'stage-math-02', '23ca050a-4c43-4a1e-a7f4-7744e6fe60aa', '2025-03-09T23:37:43.375Z', '2025-03-09T23:37:43.375Z'),
('6a1092f1-3899-4c3c-bb42-da67edd50787', 'Se um produto custa R\$ 120 e está com 25% de desconto, qual o valor final?', 'stage-math-02', '23ca050a-4c43-4a1e-a7f4-7744e6fe60aa', '2025-03-09T23:37:43.381Z', '2025-03-09T23:37:43.381Z'),
('3cdfb70e-2ce4-4a9b-abfc-b690a4bc13d9', 'Se um cliente pagou R\$ 200 por uma consulta e o troco foi R\$ 50, quanto custou a consulta?', 'stage-math-02', '23ca050a-4c43-4a1e-a7f4-7744e6fe60aa', '2025-03-09T23:37:43.388Z', '2025-03-09T23:37:43.388Z'),
('40813738-8d4b-41d8-a26f-2c8e60be9309', 'Um veterinário atende 8 animais por dia. Quantos ele atende em uma semana (7 dias)?', 'stage-math-02', '23ca050a-4c43-4a1e-a7f4-7744e6fe60aa', '2025-03-09T23:37:43.394Z', '2025-03-09T23:37:43.394Z'),
('1048e282-40ef-441d-9d7b-caf0104c6ad1', 'Se um medicamento deve ser administrado a cada 6 horas, quantas doses são dadas em um dia?', 'stage-math-02', '23ca050a-4c43-4a1e-a7f4-7744e6fe60aa', '2025-03-09T23:37:43.399Z', '2025-03-09T23:37:43.399Z'),
('65557cf7-7c74-4a40-b5a6-117b943e5821', 'Qual das palavras abaixo é sinônimo de ''ágil''?', 'stage-verbal-03', 'e30ebae1-27d0-49e4-a1e7-67c6f7457047', '2025-03-09T23:37:43.407Z', '2025-03-09T23:37:43.407Z'),
('b43263f8-cdcf-44de-92c8-fefaa2ac85b4', 'Qual é o antônimo de ''transparente''?', 'stage-verbal-03', 'e30ebae1-27d0-49e4-a1e7-67c6f7457047', '2025-03-09T23:37:43.413Z', '2025-03-09T23:37:43.413Z'),
('e3d437ef-b71e-4ca5-8a35-eefa62b77ae3', 'Qual opção apresenta um erro gramatical?', 'stage-verbal-03', 'e30ebae1-27d0-49e4-a1e7-67c6f7457047', '2025-03-09T23:37:43.419Z', '2025-03-09T23:37:43.419Z'),
('b4c10fc0-0112-455c-a234-1c8325d67e12', 'Complete a frase corretamente: ''Os clientes _____ satisfeitos com o atendimento.''', 'stage-verbal-03', 'e30ebae1-27d0-49e4-a1e7-67c6f7457047', '2025-03-09T23:37:43.424Z', '2025-03-09T23:37:43.424Z'),
('9032d632-9d64-46d3-820e-e4b2072c9958', 'Qual das palavras abaixo tem o mesmo significado de ''veterinário''?', 'stage-verbal-03', 'e30ebae1-27d0-49e4-a1e7-67c6f7457047', '2025-03-09T23:37:43.430Z', '2025-03-09T23:37:43.430Z'),
('1824f912-6988-47e5-bd02-31ef14c6ddd9', 'Qual é a forma correta?', 'stage-verbal-03', 'e30ebae1-27d0-49e4-a1e7-67c6f7457047', '2025-03-09T23:37:43.436Z', '2025-03-09T23:37:43.436Z'),
('80e4cd60-bfcb-48c7-9129-82cba5a1a4eb', 'Qual das frases a seguir está correta?', 'stage-verbal-03', 'e30ebae1-27d0-49e4-a1e7-67c6f7457047', '2025-03-09T23:37:43.442Z', '2025-03-09T23:37:43.442Z'),
('5541b0b0-d9d3-4d96-8cd8-62a5db5259da', 'Em qual alternativa todas as palavras estão corretamente escritas?', 'stage-verbal-03', 'e30ebae1-27d0-49e4-a1e7-67c6f7457047', '2025-03-09T23:37:43.448Z', '2025-03-09T23:37:43.448Z'),
('96a52ec4-8b17-4440-b205-7725635f4885', 'Qual é o significado da palavra ''empático''?', 'stage-verbal-03', 'e30ebae1-27d0-49e4-a1e7-67c6f7457047', '2025-03-09T23:37:43.454Z', '2025-03-09T23:37:43.454Z'),
('bc8741c7-2a64-49cf-bcc8-2fc402d54d3b', 'Qual das frases abaixo está escrita corretamente?', 'stage-verbal-03', 'e30ebae1-27d0-49e4-a1e7-67c6f7457047', '2025-03-09T23:37:43.460Z', '2025-03-09T23:37:43.460Z'),
('2fc694a8-2d9c-43b0-8597-3d0484255f56', 'Se um cubo é rotacionado 90° para a direita, qual das opções representa sua nova posição?', 'stage-spatial-04', '9f1bdced-7d7b-41a5-93ac-420645ff325d', '2025-03-09T23:37:43.465Z', '2025-03-09T23:37:43.465Z'),
('e0a14bfc-ff33-47f2-9a2f-6c262bb66a1a', 'Se uma folha de papel quadrada é dobrada ao meio duas vezes e depois um furo é feito no centro, quantos furos aparecem quando a folha é aberta?', 'stage-spatial-04', '9f1bdced-7d7b-41a5-93ac-420645ff325d', '2025-03-09T23:37:43.471Z', '2025-03-09T23:37:43.471Z'),
('ccd3f3ec-0611-4dd9-9689-b90d16545e88', 'Qual figura pode ser formada ao desdobrar um cubo?', 'stage-spatial-04', '9f1bdced-7d7b-41a5-93ac-420645ff325d', '2025-03-09T23:37:43.476Z', '2025-03-09T23:37:43.476Z'),
('053380b3-262a-4f9f-a7c0-3ac850160f62', 'Se uma bola é vista de frente e de lado, sua forma permanece:', 'stage-spatial-04', '9f1bdced-7d7b-41a5-93ac-420645ff325d', '2025-03-09T23:37:43.483Z', '2025-03-09T23:37:43.483Z'),
('dd5d5825-e5fa-451c-bd45-c6ee83d5ccd1', 'Se um objeto 3D tem 6 faces quadradas idênticas, ele é um:', 'stage-spatial-04', '9f1bdced-7d7b-41a5-93ac-420645ff325d', '2025-03-09T23:37:43.488Z', '2025-03-09T23:37:43.488Z'),
('b87a3264-c388-49c6-a6db-a0becbff96dd', 'Qual das formas seguintes não pode ser dobrada para formar um cubo?', 'stage-spatial-04', '9f1bdced-7d7b-41a5-93ac-420645ff325d', '2025-03-09T23:37:43.494Z', '2025-03-09T23:37:43.494Z'),
('5daeb30a-f0f3-4307-9097-4d7e68cf88c2', 'Se um prédio é visto de cima, a forma que mais se aproxima de sua projeção é:', 'stage-spatial-04', '9f1bdced-7d7b-41a5-93ac-420645ff325d', '2025-03-09T23:37:43.499Z', '2025-03-09T23:37:43.499Z'),
('8c856266-0f8b-48fc-bc5a-aeff955e8aaa', 'Se você observar um cilindro de diferentes ângulos, ele pode parecer:', 'stage-spatial-04', '9f1bdced-7d7b-41a5-93ac-420645ff325d', '2025-03-09T23:37:43.505Z', '2025-03-09T23:37:43.505Z'),
('de60a22d-1ea0-431f-9648-18d37d3149ea', 'Se um cubo tem 8 vértices, quantas arestas ele possui?', 'stage-spatial-04', '9f1bdced-7d7b-41a5-93ac-420645ff325d', '2025-03-09T23:37:43.511Z', '2025-03-09T23:37:43.511Z'),
('f7cedbed-41c7-471b-a43d-845b5196177b', 'Se um objeto visto de frente parece um quadrado e de lado parece um triângulo, ele pode ser:', 'stage-spatial-04', '9f1bdced-7d7b-41a5-93ac-420645ff325d', '2025-03-09T23:37:43.516Z', '2025-03-09T23:37:43.516Z'),
('e99e8632-13be-45ae-9943-1737de9e5b2b', 'Se A → B e B → C, qual das afirmações é verdadeira?', 'stage-abstract-05', 'd7832da3-0784-4b1d-a54e-2989dbdf4c59', '2025-03-09T23:37:43.522Z', '2025-03-09T23:37:43.522Z'),
('4c62d384-5a0c-4bcb-bc09-319a3f069bb8', 'Se uma sequência de formas segue um padrão de repetição ABCABCABC, qual será a próxima forma?', 'stage-abstract-05', 'd7832da3-0784-4b1d-a54e-2989dbdf4c59', '2025-03-09T23:37:43.527Z', '2025-03-09T23:37:43.527Z'),
('fbb338c3-e263-4387-a35d-fad60f9fe787', 'Qual das opções abaixo é um exemplo de analogia?', 'stage-abstract-05', 'd7832da3-0784-4b1d-a54e-2989dbdf4c59', '2025-03-09T23:37:43.533Z', '2025-03-09T23:37:43.533Z'),
('bdf13e39-3ac5-41b0-ae29-afb3050604e5', 'Se um objeto muda de forma, mas mantém seu volume, qual dessas características permaneceu inalterada?', 'stage-abstract-05', 'd7832da3-0784-4b1d-a54e-2989dbdf4c59', '2025-03-09T23:37:43.539Z', '2025-03-09T23:37:43.539Z'),
('cc46992f-4079-48a9-832b-ce3f970e4425', 'Quantos quadrados há em um tabuleiro de xadrez 3x3?', 'stage-logic-01', 'a7b06c3f-8992-4c29-be35-65e5c7453ac4', '2025-03-09T23:37:43.351Z', '2025-03-09T23:50:26.016Z'),
('98281880-537f-4f21-804b-91918d146ee5', 'Se todos os animais com seis patas são insetos, e alguns insetos são venenosos, podemos concluir que:', 'stage-logic-01', 'a7b06c3f-8992-4c29-be35-65e5c7453ac4', '2025-03-09T23:37:43.316Z', '2025-03-10T00:00:17.090Z'),
('48c9600b-6403-4142-9aaa-e556832ff14a', 'Se 2 → 4, 3 → 9, 4 → 16, então 5 → ?', 'stage-abstract-05', 'd7832da3-0784-4b1d-a54e-2989dbdf4c59', '2025-03-09T23:37:43.545Z', '2025-03-09T23:37:43.545Z'),
('5f2069c8-0057-48e9-90d2-4cc8cdacff20', 'Se um padrão de crescimento segue 3, 6, 12, 24, qual é o próximo número?', 'stage-abstract-05', 'd7832da3-0784-4b1d-a54e-2989dbdf4c59', '2025-03-09T23:37:43.550Z', '2025-03-09T23:37:43.550Z'),
('93d3662a-28d6-421d-8e5c-281b02a8d215', 'Se todas as maçãs são frutas e algumas frutas são vermelhas, podemos concluir que:', 'stage-abstract-05', 'd7832da3-0784-4b1d-a54e-2989dbdf4c59', '2025-03-09T23:37:43.556Z', '2025-03-09T23:37:43.556Z'),
('261bcfcc-a6a1-4293-b104-4842b5cdce94', 'Se um código segue a lógica: A = 1, B = 2, C = 3, então qual é a soma de D e E?', 'stage-abstract-05', 'd7832da3-0784-4b1d-a54e-2989dbdf4c59', '2025-03-09T23:37:43.562Z', '2025-03-09T23:37:43.562Z'),
('a32f10f7-44fc-44e4-8ee7-113d88131d89', 'Se um quadrado tem quatro lados, um pentágono tem cinco, quantos lados tem um octógono?', 'stage-abstract-05', 'd7832da3-0784-4b1d-a54e-2989dbdf4c59', '2025-03-09T23:37:43.568Z', '2025-03-09T23:37:43.568Z'),
('fec6bd07-7e1b-4842-a6e1-ac660c87b867', 'Se um padrão de formas segue △, ◻, ⬟, △, ◻, ⬟, qual será a próxima forma?', 'stage-abstract-05', 'd7832da3-0784-4b1d-a54e-2989dbdf4c59', '2025-03-09T23:37:43.573Z', '2025-03-09T23:37:43.573Z'),
('1348dbd6-afc7-4e3d-905a-5b7178c0921b', 'Um cliente chega irritado porque o atendimento atrasou. O que você faz?', 'stage-decision-06', '936548a5-a693-4f40-bc0d-3902ff11a664', '2025-03-09T23:37:43.579Z', '2025-03-09T23:37:43.579Z'),
('c036177c-e130-4df0-8a51-458337c8f03b', 'Um colega de trabalho comete um erro no cadastro de um cliente. O que você faz?', 'stage-decision-06', '936548a5-a693-4f40-bc0d-3902ff11a664', '2025-03-09T23:37:43.584Z', '2025-03-09T23:37:43.584Z'),
('238624a9-a5f3-4162-ac35-9318d3606325', 'Se houver dois clientes esperando ao mesmo tempo, qual deve ser sua atitude?', 'stage-decision-06', '936548a5-a693-4f40-bc0d-3902ff11a664', '2025-03-09T23:37:43.591Z', '2025-03-09T23:37:43.591Z'),
('296c3fd7-716a-41f9-91bb-5397bd9c0f0b', 'Um cliente liga pedindo informações sobre uma consulta, mas você não sabe a resposta. O que fazer?', 'stage-decision-06', '936548a5-a693-4f40-bc0d-3902ff11a664', '2025-03-09T23:37:43.596Z', '2025-03-09T23:37:43.596Z'),
('cb34928d-2623-49f4-b93e-c1b9c4136751', 'O telefone toca enquanto você está atendendo um cliente na recepção. Como agir?', 'stage-decision-06', '936548a5-a693-4f40-bc0d-3902ff11a664', '2025-03-09T23:37:43.602Z', '2025-03-09T23:37:43.602Z'),
('b249fa30-5e6a-4c98-85f7-66fad0a525ba', 'Se um cliente traz um animal ferido e a clínica está cheia, o que fazer?', 'stage-decision-06', '936548a5-a693-4f40-bc0d-3902ff11a664', '2025-03-09T23:37:43.607Z', '2025-03-09T23:37:43.607Z'),
('97c52741-735f-44db-8f0f-f846ce68bdf6', 'Um cliente quer marcar uma consulta, mas não há horários disponíveis. Como agir?', 'stage-decision-06', '936548a5-a693-4f40-bc0d-3902ff11a664', '2025-03-09T23:37:43.613Z', '2025-03-09T23:37:43.613Z'),
('d412bc70-3503-4a15-846c-5de1274a07b4', 'Se um cliente confunde valores na hora do pagamento, você:', 'stage-decision-06', '936548a5-a693-4f40-bc0d-3902ff11a664', '2025-03-09T23:37:43.618Z', '2025-03-09T23:37:43.618Z'),
('d4d35add-4fb7-41a6-9f62-77c17cc865f4', 'Se um colega de trabalho está sobrecarregado e você tem tempo livre, qual é a melhor atitude?', 'stage-decision-06', '936548a5-a693-4f40-bc0d-3902ff11a664', '2025-03-09T23:37:43.624Z', '2025-03-09T23:37:43.624Z'),
('2ee47d63-81cf-4932-a390-e467da54a87f', 'Um cliente elogia o atendimento na clínica. O que você faz?', 'stage-decision-06', '936548a5-a693-4f40-bc0d-3902ff11a664', '2025-03-09T23:37:43.630Z', '2025-03-09T23:37:43.630Z'),
('279ebc4d-d935-46de-8f22-caba04ecf36b', 'Se um cão pesa 20 kg e deve receber 2,5 mg de medicamento por quilo, qual a dose total?', 'stage-math-02', '23ca050a-4c43-4a1e-a7f4-7744e6fe60aa', '2025-03-09T23:44:51.662Z', '2025-03-09T23:44:51.662Z'),
('0f069a6f-4479-49f9-8fef-34487bd577b5', 'Se um estoque tem 250 unidades de um produto e são vendidos 40 por dia, em quantos dias ele acabará?', 'stage-math-02', '23ca050a-4c43-4a1e-a7f4-7744e6fe60aa', '2025-03-09T23:44:51.687Z', '2025-03-09T23:44:51.687Z'),
('ef521f96-bc72-4a7e-96a7-0423bd41c173', 'Qual o valor de 15% de 200?', 'stage-math-02', '23ca050a-4c43-4a1e-a7f4-7744e6fe60aa', '2025-03-09T23:44:51.696Z', '2025-03-09T23:44:51.696Z'),
('99052e6e-24b6-4f84-9e03-037cb92e8ff3', 'Um cliente pagou R$ 78,00 por três produtos iguais. Qual o valor de cada um?', 'stage-math-02', '23ca050a-4c43-4a1e-a7f4-7744e6fe60aa', '2025-03-09T23:44:51.713Z', '2025-03-09T23:44:51.713Z'),
('7d2f2847-2d52-4603-a7bc-9b3c06754f6a', 'Se um gato consome 300g de ração por dia, quantos kg ele consumirá em 10 dias?', 'stage-math-02', '23ca050a-4c43-4a1e-a7f4-7744e6fe60aa', '2025-03-09T23:44:51.721Z', '2025-03-09T23:44:51.721Z'),
('f9befdef-e208-4f9e-bc68-c86a8e4b6b96', 'Complete a sequência: 2, 6, 12, 20, ?', 'stage-logic-01', 'a7b06c3f-8992-4c29-be35-65e5c7453ac4', '2025-03-09T23:37:43.323Z', '2025-03-09T23:49:45.870Z'),
('6d427f12-d188-439b-a520-c1b75870af55', 'Ana tem o dobro da idade de Bruno. Daqui a 6 anos, Ana terá 32 anos. Qual a idade de Bruno hoje?', 'stage-logic-01', 'a7b06c3f-8992-4c29-be35-65e5c7453ac4', '2025-03-09T23:37:43.329Z', '2025-03-09T23:57:38.987Z');

-- Dados da tabela StageQuestion
INSERT INTO "StageQuestion" ("id", "stageId", "questionId", "order", "createdAt", "updatedAt") VALUES
('d475454a-3e07-4fd8-b3c4-d2ad128ea76f', 'stage-logic-01', '98281880-537f-4f21-804b-91918d146ee5', 0, '2025-03-09T23:37:43.320Z', '2025-03-09T23:37:43.320Z'),
('80fcf060-e61e-439e-976a-b07657b83cf1', 'stage-logic-01', 'f9befdef-e208-4f9e-bc68-c86a8e4b6b96', 1, '2025-03-09T23:37:43.326Z', '2025-03-09T23:37:43.326Z'),
('ccbe621d-179d-4165-83b4-848251f4d75a', 'stage-logic-01', '6d427f12-d188-439b-a520-c1b75870af55', 2, '2025-03-09T23:37:43.332Z', '2025-03-09T23:37:43.332Z'),
('4de559c6-97de-4509-bc66-d6e77f0c769c', 'stage-logic-01', '76b84275-a811-4248-aeb0-642d77181be4', 3, '2025-03-09T23:37:43.337Z', '2025-03-09T23:37:43.337Z'),
('5ddc9af4-ba22-4a17-b023-d0eb74ca4e3c', 'stage-logic-01', 'c6b19cef-7c3e-4475-8490-7a7c17b5deec', 4, '2025-03-09T23:37:43.343Z', '2025-03-09T23:37:43.343Z'),
('accb36b8-325d-4639-8972-5e5689e12508', 'stage-logic-01', 'dfb348f8-5547-478d-a017-d55ceb69b42c', 5, '2025-03-09T23:37:43.348Z', '2025-03-09T23:37:43.348Z'),
('5e5ebcf7-2cef-4f5f-9b52-588cc8b8da1e', 'stage-logic-01', 'cc46992f-4079-48a9-832b-ce3f970e4425', 6, '2025-03-09T23:37:43.354Z', '2025-03-09T23:37:43.354Z'),
('c1e4acf5-e2cb-489f-b92d-03fa19c40254', 'stage-logic-01', 'e18846fd-9be2-453d-bb12-789b1ab92039', 7, '2025-03-09T23:37:43.360Z', '2025-03-09T23:37:43.360Z'),
('54426841-3cfd-43b9-94c1-eecc11a46dd8', 'stage-logic-01', 'ffd2e3cd-7f69-47ea-823c-e243315874a5', 8, '2025-03-09T23:37:43.366Z', '2025-03-09T23:37:43.366Z'),
('9ee02afd-af5d-4da9-a855-a649e734dc5b', 'stage-logic-01', '54b9d035-f457-4aae-b25e-09a22e0c4433', 9, '2025-03-09T23:37:43.372Z', '2025-03-09T23:37:43.372Z'),
('b367087f-627f-4fb1-9851-8bfb26b1f97e', 'stage-math-02', 'b9581200-3eb3-44a7-b0fc-b0250ec1a6ec', 0, '2025-03-09T23:37:43.378Z', '2025-03-09T23:37:43.378Z'),
('16296363-91b2-4e40-9085-9a0b4cf0c256', 'stage-math-02', '6a1092f1-3899-4c3c-bb42-da67edd50787', 1, '2025-03-09T23:37:43.384Z', '2025-03-09T23:37:43.384Z'),
('b417c5bb-434d-42c8-b404-143f8670038e', 'stage-math-02', '3cdfb70e-2ce4-4a9b-abfc-b690a4bc13d9', 2, '2025-03-09T23:37:43.391Z', '2025-03-09T23:37:43.391Z'),
('044c2dec-503d-430f-b702-6ef3ca23dd62', 'stage-math-02', '40813738-8d4b-41d8-a26f-2c8e60be9309', 3, '2025-03-09T23:37:43.397Z', '2025-03-09T23:37:43.397Z'),
('f5697e0a-cf04-4dd3-9a33-6be82af65702', 'stage-math-02', '1048e282-40ef-441d-9d7b-caf0104c6ad1', 4, '2025-03-09T23:37:43.404Z', '2025-03-09T23:37:43.404Z'),
('13498690-371b-4369-be87-4dbe4e08f164', 'stage-verbal-03', '65557cf7-7c74-4a40-b5a6-117b943e5821', 5, '2025-03-09T23:37:43.410Z', '2025-03-09T23:37:43.410Z'),
('3c295062-c62a-4109-a77b-b2d7f95e05d1', 'stage-verbal-03', 'b43263f8-cdcf-44de-92c8-fefaa2ac85b4', 6, '2025-03-09T23:37:43.416Z', '2025-03-09T23:37:43.416Z'),
('2f56d01b-add5-421d-85e3-6267ea052f62', 'stage-verbal-03', 'e3d437ef-b71e-4ca5-8a35-eefa62b77ae3', 7, '2025-03-09T23:37:43.422Z', '2025-03-09T23:37:43.422Z'),
('5a62e461-5bf3-40d0-8833-ad5ba777999c', 'stage-verbal-03', 'b4c10fc0-0112-455c-a234-1c8325d67e12', 8, '2025-03-09T23:37:43.427Z', '2025-03-09T23:37:43.427Z'),
('18642ef3-553d-4f76-8220-cdc2f955e473', 'stage-verbal-03', '9032d632-9d64-46d3-820e-e4b2072c9958', 9, '2025-03-09T23:37:43.433Z', '2025-03-09T23:37:43.433Z'),
('d5da4b62-d425-4885-9676-c3788ebc831f', 'stage-verbal-03', '1824f912-6988-47e5-bd02-31ef14c6ddd9', 0, '2025-03-09T23:37:43.439Z', '2025-03-09T23:37:43.439Z'),
('0746f270-70da-44b8-b71e-3bd32197db3a', 'stage-verbal-03', '80e4cd60-bfcb-48c7-9129-82cba5a1a4eb', 1, '2025-03-09T23:37:43.445Z', '2025-03-09T23:37:43.445Z'),
('adc40e48-b684-46b0-8ef3-7793c5698b5f', 'stage-verbal-03', '5541b0b0-d9d3-4d96-8cd8-62a5db5259da', 2, '2025-03-09T23:37:43.451Z', '2025-03-09T23:37:43.451Z'),
('591f6c06-c5c7-468a-933e-82dbcedfbdd9', 'stage-verbal-03', '96a52ec4-8b17-4440-b205-7725635f4885', 3, '2025-03-09T23:37:43.457Z', '2025-03-09T23:37:43.457Z'),
('a173de77-1c23-4399-ba6d-243ced146729', 'stage-verbal-03', 'bc8741c7-2a64-49cf-bcc8-2fc402d54d3b', 4, '2025-03-09T23:37:43.463Z', '2025-03-09T23:37:43.463Z'),
('cd651b41-6c95-4bad-a238-b49fa7f78ee8', 'stage-spatial-04', '2fc694a8-2d9c-43b0-8597-3d0484255f56', 5, '2025-03-09T23:37:43.468Z', '2025-03-09T23:37:43.468Z'),
('2588bb70-b5f8-4bca-9294-bc5a89e76b1f', 'stage-spatial-04', 'e0a14bfc-ff33-47f2-9a2f-6c262bb66a1a', 6, '2025-03-09T23:37:43.474Z', '2025-03-09T23:37:43.474Z'),
('6d07dafe-9e58-476b-91ff-913f220b9f28', 'stage-spatial-04', 'ccd3f3ec-0611-4dd9-9689-b90d16545e88', 7, '2025-03-09T23:37:43.480Z', '2025-03-09T23:37:43.480Z'),
('0a90b13b-2329-4abd-827a-1d9c0bea1634', 'stage-spatial-04', '053380b3-262a-4f9f-a7c0-3ac850160f62', 8, '2025-03-09T23:37:43.486Z', '2025-03-09T23:37:43.486Z'),
('8cd9a1da-0ef9-48e5-8238-3ee4a9f29d1f', 'stage-spatial-04', 'dd5d5825-e5fa-451c-bd45-c6ee83d5ccd1', 9, '2025-03-09T23:37:43.491Z', '2025-03-09T23:37:43.491Z'),
('bce62579-9f58-4e4b-baca-80ee99050492', 'stage-spatial-04', 'b87a3264-c388-49c6-a6db-a0becbff96dd', 0, '2025-03-09T23:37:43.497Z', '2025-03-09T23:37:43.497Z'),
('972b0234-1c8f-4620-9fe5-aaa7538268d3', 'stage-spatial-04', '5daeb30a-f0f3-4307-9097-4d7e68cf88c2', 1, '2025-03-09T23:37:43.502Z', '2025-03-09T23:37:43.502Z'),
('659cfbd3-2ff7-4073-bb39-6283d7adaac9', 'stage-spatial-04', '8c856266-0f8b-48fc-bc5a-aeff955e8aaa', 2, '2025-03-09T23:37:43.508Z', '2025-03-09T23:37:43.508Z'),
('1c4e72db-520c-42bf-ab4b-2b44b4a1be0e', 'stage-spatial-04', 'de60a22d-1ea0-431f-9648-18d37d3149ea', 3, '2025-03-09T23:37:43.514Z', '2025-03-09T23:37:43.514Z'),
('bee1fb9f-6934-4465-a9cb-5fe2d9a1425f', 'stage-spatial-04', 'f7cedbed-41c7-471b-a43d-845b5196177b', 4, '2025-03-09T23:37:43.519Z', '2025-03-09T23:37:43.519Z'),
('5325e22e-66a0-434e-88dd-afa00fcd8ab2', 'stage-abstract-05', 'e99e8632-13be-45ae-9943-1737de9e5b2b', 5, '2025-03-09T23:37:43.525Z', '2025-03-09T23:37:43.525Z'),
('ed05b25a-49ed-463b-893e-45266dab23cc', 'stage-abstract-05', '4c62d384-5a0c-4bcb-bc09-319a3f069bb8', 6, '2025-03-09T23:37:43.531Z', '2025-03-09T23:37:43.531Z'),
('a1871b38-4bb4-4a8a-b29f-90207c796cd5', 'stage-abstract-05', 'fbb338c3-e263-4387-a35d-fad60f9fe787', 7, '2025-03-09T23:37:43.536Z', '2025-03-09T23:37:43.536Z'),
('a7de422c-e3d1-4d23-96d5-e6ff41db46c0', 'stage-abstract-05', 'bdf13e39-3ac5-41b0-ae29-afb3050604e5', 8, '2025-03-09T23:37:43.542Z', '2025-03-09T23:37:43.542Z'),
('8018341a-2f88-49fc-a88c-8de7281e47d9', 'stage-abstract-05', '48c9600b-6403-4142-9aaa-e556832ff14a', 9, '2025-03-09T23:37:43.548Z', '2025-03-09T23:37:43.548Z'),
('f6136938-05c3-461d-89e6-c3a7f9adca71', 'stage-abstract-05', '5f2069c8-0057-48e9-90d2-4cc8cdacff20', 0, '2025-03-09T23:37:43.554Z', '2025-03-09T23:37:43.554Z'),
('d509d204-f088-4e5b-8a2d-f3cb2479cd6b', 'stage-abstract-05', '93d3662a-28d6-421d-8e5c-281b02a8d215', 1, '2025-03-09T23:37:43.559Z', '2025-03-09T23:37:43.559Z'),
('f28ac25a-18bc-4f79-9574-0ffeca7b5a04', 'stage-abstract-05', '261bcfcc-a6a1-4293-b104-4842b5cdce94', 2, '2025-03-09T23:37:43.565Z', '2025-03-09T23:37:43.565Z'),
('ddfa5e81-6ff1-40e2-9226-356460d773b9', 'stage-abstract-05', 'a32f10f7-44fc-44e4-8ee7-113d88131d89', 3, '2025-03-09T23:37:43.570Z', '2025-03-09T23:37:43.570Z'),
('e6dd3596-cfc5-4286-9170-dcf914535d2a', 'stage-abstract-05', 'fec6bd07-7e1b-4842-a6e1-ac660c87b867', 4, '2025-03-09T23:37:43.576Z', '2025-03-09T23:37:43.576Z'),
('2a823dd0-493c-4219-a1b0-c2e098841417', 'stage-decision-06', '1348dbd6-afc7-4e3d-905a-5b7178c0921b', 5, '2025-03-09T23:37:43.582Z', '2025-03-09T23:37:43.582Z'),
('3bfc6663-9818-4abf-ae20-807bd5dcfaa7', 'stage-decision-06', 'c036177c-e130-4df0-8a51-458337c8f03b', 6, '2025-03-09T23:37:43.588Z', '2025-03-09T23:37:43.588Z'),
('5d7e84b1-2446-49fb-a2f2-262661ccbcd5', 'stage-decision-06', '238624a9-a5f3-4162-ac35-9318d3606325', 7, '2025-03-09T23:37:43.594Z', '2025-03-09T23:37:43.594Z'),
('898f1271-844a-4467-8d4a-eb4f2788bbbc', 'stage-decision-06', '296c3fd7-716a-41f9-91bb-5397bd9c0f0b', 8, '2025-03-09T23:37:43.599Z', '2025-03-09T23:37:43.599Z'),
('68a713cb-3f82-424e-8a53-418b593ebecf', 'stage-decision-06', 'cb34928d-2623-49f4-b93e-c1b9c4136751', 9, '2025-03-09T23:37:43.605Z', '2025-03-09T23:37:43.605Z'),
('37e0ecc9-3c84-4a63-a355-adb28bd0a7ea', 'stage-decision-06', 'b249fa30-5e6a-4c98-85f7-66fad0a525ba', 0, '2025-03-09T23:37:43.610Z', '2025-03-09T23:37:43.610Z'),
('792c567b-c42f-4c13-81a8-239e3ca9b4f3', 'stage-decision-06', '97c52741-735f-44db-8f0f-f846ce68bdf6', 1, '2025-03-09T23:37:43.616Z', '2025-03-09T23:37:43.616Z'),
('1395589e-c9b3-4f16-b3d5-b34c854b9daa', 'stage-decision-06', 'd412bc70-3503-4a15-846c-5de1274a07b4', 2, '2025-03-09T23:37:43.621Z', '2025-03-09T23:37:43.621Z'),
('f5a310f6-63c3-4a93-aa2e-060657d13bf6', 'stage-decision-06', 'd4d35add-4fb7-41a6-9f62-77c17cc865f4', 3, '2025-03-09T23:37:43.627Z', '2025-03-09T23:37:43.627Z'),
('abc9e704-f685-4fc1-9843-323be406f264', 'stage-decision-06', '2ee47d63-81cf-4932-a390-e467da54a87f', 4, '2025-03-09T23:37:43.633Z', '2025-03-09T23:37:43.633Z'),
('ecaa816b-3bf8-4a52-bfd0-15fe46ffef63', 'stage-math-02', '279ebc4d-d935-46de-8f22-caba04ecf36b', 5, '2025-03-09T23:44:51.678Z', '2025-03-09T23:44:51.678Z'),
('cff1d0c3-2172-429e-8307-3f987a0dfc6d', 'stage-math-02', '0f069a6f-4479-49f9-8fef-34487bd577b5', 6, '2025-03-09T23:44:51.690Z', '2025-03-09T23:44:51.690Z'),
('b0b5dbef-4aae-41a4-bd94-50937ebe54d4', 'stage-math-02', 'ef521f96-bc72-4a7e-96a7-0423bd41c173', 7, '2025-03-09T23:44:51.702Z', '2025-03-09T23:44:51.702Z'),
('e4ddcee3-a158-4463-850b-de9d222b85ac', 'stage-math-02', '99052e6e-24b6-4f84-9e03-037cb92e8ff3', 8, '2025-03-09T23:44:51.715Z', '2025-03-09T23:44:51.715Z'),
('09edce6e-a645-4257-a6e3-6012fda7dbb1', 'stage-math-02', '7d2f2847-2d52-4603-a7bc-9b3c06754f6a', 9, '2025-03-09T23:44:51.724Z', '2025-03-09T23:44:51.724Z');

-- Dados da tabela TestQuestion
INSERT INTO "TestQuestion" ("id", "testId", "questionId", "stageId", "order", "createdAt", "updatedAt") VALUES
('7b8a3df5-4cef-4cfb-a6fb-12808ddb1a2d', '6955e772-5d28-4e69-b06c-100e059fea06', '98281880-537f-4f21-804b-91918d146ee5', 'stage-logic-01', 1, '2025-03-09T23:40:39.614Z', '2025-03-09T23:40:39.614Z'),
('9b63a20d-a8c1-4245-b9b5-09f327593099', '6955e772-5d28-4e69-b06c-100e059fea06', 'f9befdef-e208-4f9e-bc68-c86a8e4b6b96', 'stage-logic-01', 2, '2025-03-09T23:40:39.620Z', '2025-03-09T23:40:39.620Z'),
('1dc7a647-9087-4a48-b5f9-0f5646e2cb4b', '6955e772-5d28-4e69-b06c-100e059fea06', '6d427f12-d188-439b-a520-c1b75870af55', 'stage-logic-01', 3, '2025-03-09T23:40:39.625Z', '2025-03-09T23:40:39.625Z'),
('2b16abef-571d-4503-bc2b-84711ad1b3ca', '6955e772-5d28-4e69-b06c-100e059fea06', '76b84275-a811-4248-aeb0-642d77181be4', 'stage-logic-01', 4, '2025-03-09T23:40:39.631Z', '2025-03-09T23:40:39.631Z'),
('71422d58-5b4d-43a2-b2bd-e75c63a7f445', '6955e772-5d28-4e69-b06c-100e059fea06', 'c6b19cef-7c3e-4475-8490-7a7c17b5deec', 'stage-logic-01', 5, '2025-03-09T23:40:39.637Z', '2025-03-09T23:40:39.637Z'),
('0562abdc-37aa-41f2-a834-1a8eed4dcb1a', '6955e772-5d28-4e69-b06c-100e059fea06', 'dfb348f8-5547-478d-a017-d55ceb69b42c', 'stage-logic-01', 6, '2025-03-09T23:40:39.640Z', '2025-03-09T23:40:39.640Z'),
('42910c56-66a6-4ad7-9ab5-bc5e22503ed2', '6955e772-5d28-4e69-b06c-100e059fea06', 'cc46992f-4079-48a9-832b-ce3f970e4425', 'stage-logic-01', 7, '2025-03-09T23:40:39.642Z', '2025-03-09T23:40:39.642Z'),
('5d3e085d-6325-4f73-878a-ee13c7258230', '6955e772-5d28-4e69-b06c-100e059fea06', 'e18846fd-9be2-453d-bb12-789b1ab92039', 'stage-logic-01', 8, '2025-03-09T23:40:39.645Z', '2025-03-09T23:40:39.645Z'),
('9fb3318f-d011-4b1b-b3e2-bbff85566b2c', '6955e772-5d28-4e69-b06c-100e059fea06', 'ffd2e3cd-7f69-47ea-823c-e243315874a5', 'stage-logic-01', 9, '2025-03-09T23:40:39.647Z', '2025-03-09T23:40:39.647Z'),
('aeb6cf43-bd43-4b7f-a96c-7d2f94155b1f', '6955e772-5d28-4e69-b06c-100e059fea06', '54b9d035-f457-4aae-b25e-09a22e0c4433', 'stage-logic-01', 10, '2025-03-09T23:40:39.650Z', '2025-03-09T23:40:39.650Z'),
('1f1253f9-fc67-4365-a459-2aa6a0a2a43b', '6955e772-5d28-4e69-b06c-100e059fea06', 'b9581200-3eb3-44a7-b0fc-b0250ec1a6ec', 'stage-math-02', 1, '2025-03-09T23:40:39.680Z', '2025-03-09T23:40:39.680Z'),
('bebf2ad8-7211-4956-b161-19fee30f84df', '6955e772-5d28-4e69-b06c-100e059fea06', '6a1092f1-3899-4c3c-bb42-da67edd50787', 'stage-math-02', 2, '2025-03-09T23:40:39.683Z', '2025-03-09T23:40:39.683Z'),
('67a5f0fd-0852-406c-a54c-565d71367b7f', '6955e772-5d28-4e69-b06c-100e059fea06', '3cdfb70e-2ce4-4a9b-abfc-b690a4bc13d9', 'stage-math-02', 3, '2025-03-09T23:40:39.686Z', '2025-03-09T23:40:39.686Z'),
('edf617ae-a23a-4542-89d1-059ce167121d', '6955e772-5d28-4e69-b06c-100e059fea06', '40813738-8d4b-41d8-a26f-2c8e60be9309', 'stage-math-02', 4, '2025-03-09T23:40:39.688Z', '2025-03-09T23:40:39.688Z'),
('1967c6b7-b5e0-4ee1-8eed-48f432b1f348', '6955e772-5d28-4e69-b06c-100e059fea06', '1048e282-40ef-441d-9d7b-caf0104c6ad1', 'stage-math-02', 5, '2025-03-09T23:40:39.691Z', '2025-03-09T23:40:39.691Z'),
('a277fbc2-b779-49b3-88bd-37dd3c8e5ebf', '6955e772-5d28-4e69-b06c-100e059fea06', '65557cf7-7c74-4a40-b5a6-117b943e5821', 'stage-verbal-03', 1, '2025-03-09T23:40:39.703Z', '2025-03-09T23:40:39.703Z'),
('2b972d14-48ca-4366-bba4-cbe73c223025', '6955e772-5d28-4e69-b06c-100e059fea06', 'b43263f8-cdcf-44de-92c8-fefaa2ac85b4', 'stage-verbal-03', 2, '2025-03-09T23:40:39.707Z', '2025-03-09T23:40:39.707Z'),
('052a9829-283b-4ae6-9ed1-7ba662bba50b', '6955e772-5d28-4e69-b06c-100e059fea06', 'e3d437ef-b71e-4ca5-8a35-eefa62b77ae3', 'stage-verbal-03', 3, '2025-03-09T23:40:39.713Z', '2025-03-09T23:40:39.713Z'),
('4f225cac-c347-47a1-901f-4e688d9b415d', '6955e772-5d28-4e69-b06c-100e059fea06', 'b4c10fc0-0112-455c-a234-1c8325d67e12', 'stage-verbal-03', 4, '2025-03-09T23:40:39.718Z', '2025-03-09T23:40:39.718Z'),
('1c6002aa-f870-4634-bd0f-98812cbd3c21', '6955e772-5d28-4e69-b06c-100e059fea06', '9032d632-9d64-46d3-820e-e4b2072c9958', 'stage-verbal-03', 5, '2025-03-09T23:40:39.721Z', '2025-03-09T23:40:39.721Z'),
('4333e11e-fcf2-4b70-af5b-8edfe66fb978', '6955e772-5d28-4e69-b06c-100e059fea06', '1824f912-6988-47e5-bd02-31ef14c6ddd9', 'stage-verbal-03', 6, '2025-03-09T23:40:39.724Z', '2025-03-09T23:40:39.724Z'),
('b19c1521-f777-47cf-806b-c531bfb8d932', '6955e772-5d28-4e69-b06c-100e059fea06', '80e4cd60-bfcb-48c7-9129-82cba5a1a4eb', 'stage-verbal-03', 7, '2025-03-09T23:40:39.726Z', '2025-03-09T23:40:39.726Z'),
('53107bab-eaef-425a-820e-ccdd228fe477', '6955e772-5d28-4e69-b06c-100e059fea06', '5541b0b0-d9d3-4d96-8cd8-62a5db5259da', 'stage-verbal-03', 8, '2025-03-09T23:40:39.728Z', '2025-03-09T23:40:39.728Z'),
('5069374b-0a61-42f1-95bd-e5a91f9cc302', '6955e772-5d28-4e69-b06c-100e059fea06', '96a52ec4-8b17-4440-b205-7725635f4885', 'stage-verbal-03', 9, '2025-03-09T23:40:39.731Z', '2025-03-09T23:40:39.731Z'),
('b6f0c8ab-0fc6-4a38-8871-0852ac5580e4', '6955e772-5d28-4e69-b06c-100e059fea06', 'bc8741c7-2a64-49cf-bcc8-2fc402d54d3b', 'stage-verbal-03', 10, '2025-03-09T23:40:39.734Z', '2025-03-09T23:40:39.734Z'),
('a4901686-fede-4f90-870f-968f8717d18c', '6955e772-5d28-4e69-b06c-100e059fea06', '2fc694a8-2d9c-43b0-8597-3d0484255f56', 'stage-spatial-04', 1, '2025-03-09T23:40:39.745Z', '2025-03-09T23:40:39.745Z'),
('6535e2c3-0bd1-467b-98ce-08ae8ef56a3c', '6955e772-5d28-4e69-b06c-100e059fea06', 'e0a14bfc-ff33-47f2-9a2f-6c262bb66a1a', 'stage-spatial-04', 2, '2025-03-09T23:40:39.749Z', '2025-03-09T23:40:39.749Z'),
('c0f914de-9d09-4ed8-a08d-28403496e7e8', '6955e772-5d28-4e69-b06c-100e059fea06', 'ccd3f3ec-0611-4dd9-9689-b90d16545e88', 'stage-spatial-04', 3, '2025-03-09T23:40:39.755Z', '2025-03-09T23:40:39.755Z'),
('22da0451-e3c9-4486-8d9b-044c1a4a43cf', '6955e772-5d28-4e69-b06c-100e059fea06', '053380b3-262a-4f9f-a7c0-3ac850160f62', 'stage-spatial-04', 4, '2025-03-09T23:40:39.757Z', '2025-03-09T23:40:39.757Z'),
('dba59b52-0692-4cb3-b03e-b30583b92b2b', '6955e772-5d28-4e69-b06c-100e059fea06', 'dd5d5825-e5fa-451c-bd45-c6ee83d5ccd1', 'stage-spatial-04', 5, '2025-03-09T23:40:39.762Z', '2025-03-09T23:40:39.762Z'),
('a3839b37-0432-4cb6-87c0-27c9d73971e9', '6955e772-5d28-4e69-b06c-100e059fea06', 'b87a3264-c388-49c6-a6db-a0becbff96dd', 'stage-spatial-04', 6, '2025-03-09T23:40:39.765Z', '2025-03-09T23:40:39.765Z'),
('a33aee0e-df8c-4bc9-811a-89581b10a547', '6955e772-5d28-4e69-b06c-100e059fea06', '5daeb30a-f0f3-4307-9097-4d7e68cf88c2', 'stage-spatial-04', 7, '2025-03-09T23:40:39.767Z', '2025-03-09T23:40:39.767Z'),
('80f25e3a-54f5-4c41-9635-b1e1f2275b79', '6955e772-5d28-4e69-b06c-100e059fea06', '8c856266-0f8b-48fc-bc5a-aeff955e8aaa', 'stage-spatial-04', 8, '2025-03-09T23:40:39.769Z', '2025-03-09T23:40:39.769Z'),
('f005c21f-9615-4f71-80d1-f3b633b046d0', '6955e772-5d28-4e69-b06c-100e059fea06', 'de60a22d-1ea0-431f-9648-18d37d3149ea', 'stage-spatial-04', 9, '2025-03-09T23:40:39.772Z', '2025-03-09T23:40:39.772Z'),
('6dd528c4-85a0-4a0c-80cc-60b4eb15f743', '6955e772-5d28-4e69-b06c-100e059fea06', 'f7cedbed-41c7-471b-a43d-845b5196177b', 'stage-spatial-04', 10, '2025-03-09T23:40:39.775Z', '2025-03-09T23:40:39.775Z'),
('fd7706b0-6bdc-4762-af90-9af6dea0569e', '6955e772-5d28-4e69-b06c-100e059fea06', 'e99e8632-13be-45ae-9943-1737de9e5b2b', 'stage-abstract-05', 1, '2025-03-09T23:40:39.783Z', '2025-03-09T23:40:39.783Z'),
('603736db-a9f7-43b1-8a45-62a105e2dda5', '6955e772-5d28-4e69-b06c-100e059fea06', '4c62d384-5a0c-4bcb-bc09-319a3f069bb8', 'stage-abstract-05', 2, '2025-03-09T23:40:39.787Z', '2025-03-09T23:40:39.787Z'),
('e41099e1-01f2-4b10-839c-fca74fe722b8', '6955e772-5d28-4e69-b06c-100e059fea06', 'fbb338c3-e263-4387-a35d-fad60f9fe787', 'stage-abstract-05', 3, '2025-03-09T23:40:39.792Z', '2025-03-09T23:40:39.792Z'),
('109e29f8-00d3-49f2-9f71-91f743a5f4b7', '6955e772-5d28-4e69-b06c-100e059fea06', 'bdf13e39-3ac5-41b0-ae29-afb3050604e5', 'stage-abstract-05', 4, '2025-03-09T23:40:39.797Z', '2025-03-09T23:40:39.797Z'),
('8bf2822a-24b5-49d1-8717-1943bfa37b2e', '6955e772-5d28-4e69-b06c-100e059fea06', '48c9600b-6403-4142-9aaa-e556832ff14a', 'stage-abstract-05', 5, '2025-03-09T23:40:39.800Z', '2025-03-09T23:40:39.800Z'),
('83cf339e-1bc7-43ee-9075-cfd525f3389f', '6955e772-5d28-4e69-b06c-100e059fea06', '5f2069c8-0057-48e9-90d2-4cc8cdacff20', 'stage-abstract-05', 6, '2025-03-09T23:40:39.805Z', '2025-03-09T23:40:39.805Z'),
('23314dcf-a09e-42fb-80ac-b4126318a381', '6955e772-5d28-4e69-b06c-100e059fea06', '93d3662a-28d6-421d-8e5c-281b02a8d215', 'stage-abstract-05', 7, '2025-03-09T23:40:39.807Z', '2025-03-09T23:40:39.807Z'),
('9e29ebd1-b5fe-4a5d-9e9b-3903530f743e', '6955e772-5d28-4e69-b06c-100e059fea06', '261bcfcc-a6a1-4293-b104-4842b5cdce94', 'stage-abstract-05', 8, '2025-03-09T23:40:39.810Z', '2025-03-09T23:40:39.810Z'),
('94452fd1-2fca-4dbc-a030-2384603a30fe', '6955e772-5d28-4e69-b06c-100e059fea06', 'a32f10f7-44fc-44e4-8ee7-113d88131d89', 'stage-abstract-05', 9, '2025-03-09T23:40:39.813Z', '2025-03-09T23:40:39.813Z'),
('88810605-bcfb-45fe-9ceb-988fa0ee83ec', '6955e772-5d28-4e69-b06c-100e059fea06', 'fec6bd07-7e1b-4842-a6e1-ac660c87b867', 'stage-abstract-05', 10, '2025-03-09T23:40:39.817Z', '2025-03-09T23:40:39.817Z'),
('7bdd85fa-e4e4-4f63-8897-43e62df75506', '6955e772-5d28-4e69-b06c-100e059fea06', '1348dbd6-afc7-4e3d-905a-5b7178c0921b', 'stage-decision-06', 1, '2025-03-09T23:40:39.825Z', '2025-03-09T23:40:39.825Z'),
('622cac5e-e5ef-4ad6-aa79-cf0805b7e2b8', '6955e772-5d28-4e69-b06c-100e059fea06', 'c036177c-e130-4df0-8a51-458337c8f03b', 'stage-decision-06', 2, '2025-03-09T23:40:39.829Z', '2025-03-09T23:40:39.829Z'),
('4d8b43ef-38c3-4036-aef4-a8cad2822933', '6955e772-5d28-4e69-b06c-100e059fea06', '238624a9-a5f3-4162-ac35-9318d3606325', 'stage-decision-06', 3, '2025-03-09T23:40:39.834Z', '2025-03-09T23:40:39.834Z'),
('7086a1ef-e693-4c9b-948c-756129ce032a', '6955e772-5d28-4e69-b06c-100e059fea06', '296c3fd7-716a-41f9-91bb-5397bd9c0f0b', 'stage-decision-06', 4, '2025-03-09T23:40:39.839Z', '2025-03-09T23:40:39.839Z'),
('ea00b8a2-fa79-4ea9-9c1d-1d6812f237f1', '6955e772-5d28-4e69-b06c-100e059fea06', 'cb34928d-2623-49f4-b93e-c1b9c4136751', 'stage-decision-06', 5, '2025-03-09T23:40:39.842Z', '2025-03-09T23:40:39.842Z'),
('a7ce2eff-f42f-4d2d-81ae-831355ef33da', '6955e772-5d28-4e69-b06c-100e059fea06', 'b249fa30-5e6a-4c98-85f7-66fad0a525ba', 'stage-decision-06', 6, '2025-03-09T23:40:39.847Z', '2025-03-09T23:40:39.847Z'),
('b6507a50-f728-498c-957b-c9537f0fda41', '6955e772-5d28-4e69-b06c-100e059fea06', '97c52741-735f-44db-8f0f-f846ce68bdf6', 'stage-decision-06', 7, '2025-03-09T23:40:39.849Z', '2025-03-09T23:40:39.849Z'),
('5eaa7c39-625b-43bc-8704-6742967adc0d', '6955e772-5d28-4e69-b06c-100e059fea06', 'd412bc70-3503-4a15-846c-5de1274a07b4', 'stage-decision-06', 8, '2025-03-09T23:40:39.852Z', '2025-03-09T23:40:39.852Z'),
('aa8e46e7-fdd7-48f8-aeba-12a1c212b78d', '6955e772-5d28-4e69-b06c-100e059fea06', 'd4d35add-4fb7-41a6-9f62-77c17cc865f4', 'stage-decision-06', 9, '2025-03-09T23:40:39.854Z', '2025-03-09T23:40:39.854Z'),
('47fee938-0f67-4a60-aebc-a78a001da3ab', '6955e772-5d28-4e69-b06c-100e059fea06', '2ee47d63-81cf-4932-a390-e467da54a87f', 'stage-decision-06', 10, '2025-03-09T23:40:39.857Z', '2025-03-09T23:40:39.857Z'),
('8c9d1648-6b81-4cf7-a83c-c880ada9fc19', '6955e772-5d28-4e69-b06c-100e059fea06', '279ebc4d-d935-46de-8f22-caba04ecf36b', 'stage-math-02', 5, '2025-03-09T23:44:51.683Z', '2025-03-09T23:44:51.683Z'),
('d3f0ce82-bba5-42bb-a3ab-43a00ace46fb', '6955e772-5d28-4e69-b06c-100e059fea06', '0f069a6f-4479-49f9-8fef-34487bd577b5', 'stage-math-02', 6, '2025-03-09T23:44:51.693Z', '2025-03-09T23:44:51.693Z'),
('48a31edc-acd4-4a64-9865-99412bd7afaf', '6955e772-5d28-4e69-b06c-100e059fea06', 'ef521f96-bc72-4a7e-96a7-0423bd41c173', 'stage-math-02', 7, '2025-03-09T23:44:51.707Z', '2025-03-09T23:44:51.707Z'),
('9cce76b1-46bc-4a9b-a5f4-7c512d1a3d70', '6955e772-5d28-4e69-b06c-100e059fea06', '99052e6e-24b6-4f84-9e03-037cb92e8ff3', 'stage-math-02', 8, '2025-03-09T23:44:51.718Z', '2025-03-09T23:44:51.718Z'),
('a8da68e5-37f9-4d99-af21-879fb2e41eb1', '6955e772-5d28-4e69-b06c-100e059fea06', '7d2f2847-2d52-4603-a7bc-9b3c06754f6a', 'stage-math-02', 9, '2025-03-09T23:44:51.727Z', '2025-03-09T23:44:51.727Z');

-- Dados da tabela Option
INSERT INTO "Option" ("id", "text", "isCorrect", "questionId", "createdAt", "updatedAt") VALUES
('cc432bfc-5179-429e-bcfb-0b873b139041', 'Maria é mais baixa que Carlos', FALSE, '76b84275-a811-4248-aeb0-642d77181be4', '2025-03-09T23:37:43.335Z', '2025-03-09T23:37:43.335Z'),
('87ca2577-8845-4963-9e5b-9d7eb17e3b6f', 'João é mais alto que Maria', FALSE, '76b84275-a811-4248-aeb0-642d77181be4', '2025-03-09T23:37:43.335Z', '2025-03-09T23:37:43.335Z'),
('82ea707b-0e18-454e-8f1b-37ca7a873a7f', 'Carlos é o mais baixo', TRUE, '76b84275-a811-4248-aeb0-642d77181be4', '2025-03-09T23:37:43.335Z', '2025-03-09T23:37:43.335Z'),
('14acd1d1-625c-4db5-9d71-90da75f3df55', 'Nenhuma das alternativas', FALSE, '76b84275-a811-4248-aeb0-642d77181be4', '2025-03-09T23:37:43.335Z', '2025-03-09T23:37:43.335Z'),
('731b7025-a768-4d2f-9c41-51ea4cda8bf5', '12', FALSE, 'c6b19cef-7c3e-4475-8490-7a7c17b5deec', '2025-03-09T23:37:43.340Z', '2025-03-09T23:37:43.340Z'),
('7f49c1c3-cfa8-4608-a13f-43004a873723', '14', TRUE, 'c6b19cef-7c3e-4475-8490-7a7c17b5deec', '2025-03-09T23:37:43.340Z', '2025-03-09T23:37:43.340Z'),
('2ea774d4-a7cc-4073-b1b2-4a8b7e3418fb', '15', FALSE, 'c6b19cef-7c3e-4475-8490-7a7c17b5deec', '2025-03-09T23:37:43.340Z', '2025-03-09T23:37:43.340Z'),
('2526c3b9-9983-4174-aef7-e98656c1bde0', '18', FALSE, 'c6b19cef-7c3e-4475-8490-7a7c17b5deec', '2025-03-09T23:37:43.340Z', '2025-03-09T23:37:43.340Z'),
('f70f8188-a725-4f2b-aa47-79b58f638208', 'A sempre implica C', TRUE, 'dfb348f8-5547-478d-a017-d55ceb69b42c', '2025-03-09T23:37:43.346Z', '2025-03-09T23:37:43.346Z'),
('6d0cc6dc-e714-454c-8c83-a5f6c75ce156', 'C sempre implica A', FALSE, 'dfb348f8-5547-478d-a017-d55ceb69b42c', '2025-03-09T23:37:43.346Z', '2025-03-09T23:37:43.346Z'),
('c2cdd3e3-6802-41b3-9a07-3ec207670405', 'A e C não têm relação', FALSE, 'dfb348f8-5547-478d-a017-d55ceb69b42c', '2025-03-09T23:37:43.346Z', '2025-03-09T23:37:43.346Z'),
('1e1001a8-e4c3-4a5f-b307-62cac9145b28', 'Nenhuma das alternativas', FALSE, 'dfb348f8-5547-478d-a017-d55ceb69b42c', '2025-03-09T23:37:43.346Z', '2025-03-09T23:37:43.346Z'),
('9e34a61c-5aaa-4a9a-a540-b7be6fde508f', 'Rex não late', FALSE, 'e18846fd-9be2-453d-bb12-789b1ab92039', '2025-03-09T23:37:43.357Z', '2025-03-09T23:37:43.357Z'),
('c653cd9d-07d0-494d-8fd8-fcb3aa9c02a5', 'Rex pode latir', FALSE, 'e18846fd-9be2-453d-bb12-789b1ab92039', '2025-03-09T23:37:43.357Z', '2025-03-09T23:37:43.357Z'),
('deb1415b-f8dd-41f1-a872-770c1cd6b8dc', 'Rex late', TRUE, 'e18846fd-9be2-453d-bb12-789b1ab92039', '2025-03-09T23:37:43.357Z', '2025-03-09T23:37:43.357Z'),
('1bd6bdd8-8b6b-40d7-b142-fa30e80c0274', 'Nenhuma das alternativas', FALSE, 'e18846fd-9be2-453d-bb12-789b1ab92039', '2025-03-09T23:37:43.357Z', '2025-03-09T23:37:43.357Z'),
('94c7e337-4652-4adb-84a1-2c1ff1928174', '2', FALSE, 'ffd2e3cd-7f69-47ea-823c-e243315874a5', '2025-03-09T23:37:43.363Z', '2025-03-09T23:37:43.363Z'),
('35b82b6d-6fa0-4d1a-a18e-90d6d495b151', '4', TRUE, 'ffd2e3cd-7f69-47ea-823c-e243315874a5', '2025-03-09T23:37:43.363Z', '2025-03-09T23:37:43.363Z'),
('86df9fe5-9d05-4405-ab34-4f6053a818db', '5', FALSE, 'ffd2e3cd-7f69-47ea-823c-e243315874a5', '2025-03-09T23:37:43.363Z', '2025-03-09T23:37:43.363Z'),
('ab06d1ce-f18f-4eac-b59a-3b15bc9652d1', '6', FALSE, 'ffd2e3cd-7f69-47ea-823c-e243315874a5', '2025-03-09T23:37:43.363Z', '2025-03-09T23:37:43.363Z'),
('4b174d28-8206-4484-94ec-a3632ddf074f', '6', FALSE, '54b9d035-f457-4aae-b25e-09a22e0c4433', '2025-03-09T23:37:43.369Z', '2025-03-09T23:37:43.369Z'),
('978e5a9d-9472-4d72-95dd-eda4aaf8ddce', '9', FALSE, '54b9d035-f457-4aae-b25e-09a22e0c4433', '2025-03-09T23:37:43.369Z', '2025-03-09T23:37:43.369Z'),
('81dfc560-0b13-4579-8728-78d8050ce045', '12', TRUE, '54b9d035-f457-4aae-b25e-09a22e0c4433', '2025-03-09T23:37:43.369Z', '2025-03-09T23:37:43.369Z'),
('0dfbde86-9997-4abe-87b2-ce4e85c16b98', '8', FALSE, '54b9d035-f457-4aae-b25e-09a22e0c4433', '2025-03-09T23:37:43.369Z', '2025-03-09T23:37:43.369Z'),
('f6978ba2-75cb-422c-a202-6d823fd1f2fe', '52', FALSE, 'b9581200-3eb3-44a7-b0fc-b0250ec1a6ec', '2025-03-09T23:37:43.375Z', '2025-03-09T23:37:43.375Z'),
('9b0b2f26-e2e5-4303-8a9c-ded31c34f35c', '62', TRUE, 'b9581200-3eb3-44a7-b0fc-b0250ec1a6ec', '2025-03-09T23:37:43.375Z', '2025-03-09T23:37:43.375Z'),
('bff7e503-84d8-4399-a1c0-d41c86bef0bb', '57', FALSE, 'b9581200-3eb3-44a7-b0fc-b0250ec1a6ec', '2025-03-09T23:37:43.375Z', '2025-03-09T23:37:43.375Z'),
('da84455a-e238-49d3-9cfe-f0601347858a', '64', FALSE, 'b9581200-3eb3-44a7-b0fc-b0250ec1a6ec', '2025-03-09T23:37:43.375Z', '2025-03-09T23:37:43.375Z'),
('73c2fba0-f05a-4b21-b5aa-9af2e5965d81', 'R\$ 90', TRUE, '6a1092f1-3899-4c3c-bb42-da67edd50787', '2025-03-09T23:37:43.381Z', '2025-03-09T23:37:43.381Z'),
('ac11c4e7-56d3-4bdc-a90e-187b7db4a0b3', 'R\$ 95', FALSE, '6a1092f1-3899-4c3c-bb42-da67edd50787', '2025-03-09T23:37:43.381Z', '2025-03-09T23:37:43.381Z'),
('eaa150ce-bb4e-40ca-b85b-ee39fd42c759', 'R\$ 100', FALSE, '6a1092f1-3899-4c3c-bb42-da67edd50787', '2025-03-09T23:37:43.381Z', '2025-03-09T23:37:43.381Z'),
('7ff12272-8a46-4b4a-97d4-f53000c1e041', 'R\$ 85', FALSE, '6a1092f1-3899-4c3c-bb42-da67edd50787', '2025-03-09T23:37:43.381Z', '2025-03-09T23:37:43.381Z'),
('6e1eddc8-02c2-4d24-80dc-868eb39d231c', 'R\$ 200', FALSE, '3cdfb70e-2ce4-4a9b-abfc-b690a4bc13d9', '2025-03-09T23:37:43.388Z', '2025-03-09T23:37:43.388Z'),
('9e8b4952-fd60-46a9-b571-6d5528f859b5', 'R\$ 100', FALSE, '3cdfb70e-2ce4-4a9b-abfc-b690a4bc13d9', '2025-03-09T23:37:43.388Z', '2025-03-09T23:37:43.388Z'),
('f9416435-7ea0-4925-b1d3-46d7fc56a50f', 'R\$ 150', TRUE, '3cdfb70e-2ce4-4a9b-abfc-b690a4bc13d9', '2025-03-09T23:37:43.388Z', '2025-03-09T23:37:43.388Z'),
('3e2330eb-5933-4642-98d1-42f3224ad5a7', 'R\$ 250', FALSE, '3cdfb70e-2ce4-4a9b-abfc-b690a4bc13d9', '2025-03-09T23:37:43.388Z', '2025-03-09T23:37:43.388Z'),
('26158642-e21c-4c4f-9e53-9922c48a2f18', '56', TRUE, '40813738-8d4b-41d8-a26f-2c8e60be9309', '2025-03-09T23:37:43.394Z', '2025-03-09T23:37:43.394Z'),
('eb96eb57-b566-41e7-a5d1-bf0a11b177bd', '64', FALSE, '40813738-8d4b-41d8-a26f-2c8e60be9309', '2025-03-09T23:37:43.394Z', '2025-03-09T23:37:43.394Z'),
('ec2c4f96-50c8-490e-884d-173939f5b620', '48', FALSE, '40813738-8d4b-41d8-a26f-2c8e60be9309', '2025-03-09T23:37:43.394Z', '2025-03-09T23:37:43.394Z'),
('c4469065-b995-41cb-a258-9fa7f272be6b', '72', FALSE, '40813738-8d4b-41d8-a26f-2c8e60be9309', '2025-03-09T23:37:43.394Z', '2025-03-09T23:37:43.394Z'),
('deb7b4a5-ea00-4144-b221-83798a82129d', '3', FALSE, '1048e282-40ef-441d-9d7b-caf0104c6ad1', '2025-03-09T23:37:43.399Z', '2025-03-09T23:37:43.399Z'),
('ad1ae861-18e0-41f2-b6ea-08c4bfb35fae', '4', TRUE, '1048e282-40ef-441d-9d7b-caf0104c6ad1', '2025-03-09T23:37:43.399Z', '2025-03-09T23:37:43.399Z'),
('4f05564f-5565-44eb-948f-f7556b6bc77e', '5', FALSE, '1048e282-40ef-441d-9d7b-caf0104c6ad1', '2025-03-09T23:37:43.399Z', '2025-03-09T23:37:43.399Z'),
('94d168fe-996f-4685-b2d0-9b0fc93e8a61', '6', FALSE, '1048e282-40ef-441d-9d7b-caf0104c6ad1', '2025-03-09T23:37:43.399Z', '2025-03-09T23:37:43.399Z'),
('d878af68-ef1e-482f-b611-3b1c6d3ab9c7', 'Lento', FALSE, '65557cf7-7c74-4a40-b5a6-117b943e5821', '2025-03-09T23:37:43.407Z', '2025-03-09T23:37:43.407Z'),
('e638fa5d-dd99-4094-ab64-e4d77fdef038', 'Rápido', TRUE, '65557cf7-7c74-4a40-b5a6-117b943e5821', '2025-03-09T23:37:43.407Z', '2025-03-09T23:37:43.407Z'),
('7a224e9b-659d-469b-8fbd-b6acddf139fd', 'Pesado', FALSE, '65557cf7-7c74-4a40-b5a6-117b943e5821', '2025-03-09T23:37:43.407Z', '2025-03-09T23:37:43.407Z'),
('2c6a1f39-e58d-4750-b61b-47cc6ff157a8', 'Difícil', FALSE, '65557cf7-7c74-4a40-b5a6-117b943e5821', '2025-03-09T23:37:43.407Z', '2025-03-09T23:37:43.407Z'),
('16495c9d-57b1-43f9-b379-10d25575d34b', 'Claro', FALSE, 'b43263f8-cdcf-44de-92c8-fefaa2ac85b4', '2025-03-09T23:37:43.413Z', '2025-03-09T23:37:43.413Z'),
('fac37f9a-a76b-446e-84bb-7628d54d1549', 'Lúcido', FALSE, 'b43263f8-cdcf-44de-92c8-fefaa2ac85b4', '2025-03-09T23:37:43.413Z', '2025-03-09T23:37:43.413Z'),
('9a67fd37-ae03-45c8-ab91-17694d716c79', 'Opaco', TRUE, 'b43263f8-cdcf-44de-92c8-fefaa2ac85b4', '2025-03-09T23:37:43.413Z', '2025-03-09T23:37:43.413Z'),
('5fce54a6-eaca-4fce-8c7b-bd0cd9a8c8d5', 'Brilhante', FALSE, 'b43263f8-cdcf-44de-92c8-fefaa2ac85b4', '2025-03-09T23:37:43.413Z', '2025-03-09T23:37:43.413Z'),
('a296596c-c0ca-456e-8edd-78aeceb868d3', 'Eu vou ao veterinário.', FALSE, 'e3d437ef-b71e-4ca5-8a35-eefa62b77ae3', '2025-03-09T23:37:43.419Z', '2025-03-09T23:37:43.419Z'),
('8a437a5e-ec96-4b3f-ab16-e1e646252fa2', 'O cachorro está brincando.', FALSE, 'e3d437ef-b71e-4ca5-8a35-eefa62b77ae3', '2025-03-09T23:37:43.419Z', '2025-03-09T23:37:43.419Z'),
('15c35df5-4ab5-465a-a466-fae448f076dc', 'Nós vai sair mais tarde.', TRUE, 'e3d437ef-b71e-4ca5-8a35-eefa62b77ae3', '2025-03-09T23:37:43.419Z', '2025-03-09T23:37:43.419Z'),
('aed66944-2cff-4a9c-9617-9bf19a755326', 'O gato dorme na cama.', FALSE, 'e3d437ef-b71e-4ca5-8a35-eefa62b77ae3', '2025-03-09T23:37:43.419Z', '2025-03-09T23:37:43.419Z'),
('5ac2d3bc-e6b1-4ab7-b60e-33296aaf6702', 'Está', FALSE, 'b4c10fc0-0112-455c-a234-1c8325d67e12', '2025-03-09T23:37:43.424Z', '2025-03-09T23:37:43.424Z'),
('d4a9b1b3-875d-4a6d-8af2-d0cacae31ad8', 'Estão', TRUE, 'b4c10fc0-0112-455c-a234-1c8325d67e12', '2025-03-09T23:37:43.424Z', '2025-03-09T23:37:43.424Z'),
('db31f1ce-6a6b-4d8e-9f43-43cfd3710380', 'Estarão', FALSE, 'b4c10fc0-0112-455c-a234-1c8325d67e12', '2025-03-09T23:37:43.424Z', '2025-03-09T23:37:43.424Z'),
('45b1fb55-089f-4d3b-823f-e9317592252e', 'Esteve', FALSE, 'b4c10fc0-0112-455c-a234-1c8325d67e12', '2025-03-09T23:37:43.424Z', '2025-03-09T23:37:43.424Z'),
('20e28c55-bfc7-4816-b378-271458fe382b', 'Médico de animais', TRUE, '9032d632-9d64-46d3-820e-e4b2072c9958', '2025-03-09T23:37:43.430Z', '2025-03-09T23:37:43.430Z'),
('793aa668-f653-478f-9b63-89c29953e5ce', 'Enfermeiro', FALSE, '9032d632-9d64-46d3-820e-e4b2072c9958', '2025-03-09T23:37:43.430Z', '2025-03-09T23:37:43.430Z'),
('1a7f97e9-bd97-4184-b453-898ba8548060', 'Zoólogo', FALSE, '9032d632-9d64-46d3-820e-e4b2072c9958', '2025-03-09T23:37:43.430Z', '2025-03-09T23:37:43.430Z'),
('64ab6aaf-45a3-48fc-9c50-01c0d4280f05', 'Psicólogo', FALSE, '9032d632-9d64-46d3-820e-e4b2072c9958', '2025-03-09T23:37:43.430Z', '2025-03-09T23:37:43.430Z'),
('16dc3e24-2721-498f-9181-a1e0e03f306f', 'Fazem dois anos que trabalho aqui.', FALSE, '1824f912-6988-47e5-bd02-31ef14c6ddd9', '2025-03-09T23:37:43.436Z', '2025-03-09T23:37:43.436Z'),
('3781dfad-4f6f-41a3-83fe-4b07bfbca5cd', 'Faz dois anos que trabalho aqui.', TRUE, '1824f912-6988-47e5-bd02-31ef14c6ddd9', '2025-03-09T23:37:43.436Z', '2025-03-09T23:37:43.436Z'),
('15b8101f-ffbf-4430-a767-cdecb809f207', 'Fazem dois anos que trabalhamos aqui.', FALSE, '1824f912-6988-47e5-bd02-31ef14c6ddd9', '2025-03-09T23:37:43.436Z', '2025-03-09T23:37:43.436Z'),
('7f85b6a9-0f48-4e49-8ef9-9a1e360c6604', 'Faz dois anos que trabalhamos aqui.', FALSE, '1824f912-6988-47e5-bd02-31ef14c6ddd9', '2025-03-09T23:37:43.436Z', '2025-03-09T23:37:43.436Z'),
('997edc6d-7313-42fe-ac33-a22de671f8d9', 'Os cachorros latiam alto.', TRUE, '80e4cd60-bfcb-48c7-9129-82cba5a1a4eb', '2025-03-09T23:37:43.442Z', '2025-03-09T23:37:43.442Z'),
('ba64ef3f-3a57-4f14-b698-8d8ff171f5c5', 'Os cachorro latia alto.', FALSE, '80e4cd60-bfcb-48c7-9129-82cba5a1a4eb', '2025-03-09T23:37:43.442Z', '2025-03-09T23:37:43.442Z'),
('ebdc7617-1e83-40c3-bb23-aa8e1df87b4d', 'O cães latia alto.', FALSE, '80e4cd60-bfcb-48c7-9129-82cba5a1a4eb', '2025-03-09T23:37:43.442Z', '2025-03-09T23:37:43.442Z'),
('6ee83f5f-0965-46ac-8a11-40ad9a587c68', 'O cachorro latiam alto.', FALSE, '80e4cd60-bfcb-48c7-9129-82cba5a1a4eb', '2025-03-09T23:37:43.442Z', '2025-03-09T23:37:43.442Z'),
('b20cf206-be2e-4eb7-a34b-5c64365fc354', 'Recepção, veterinário, agendamento', TRUE, '5541b0b0-d9d3-4d96-8cd8-62a5db5259da', '2025-03-09T23:37:43.448Z', '2025-03-09T23:37:43.448Z'),
('c5d6c92b-c171-4032-b4ef-f8f551a58502', 'Recepção, veterinario, agendamento', FALSE, '5541b0b0-d9d3-4d96-8cd8-62a5db5259da', '2025-03-09T23:37:43.448Z', '2025-03-09T23:37:43.448Z'),
('545dfd0b-45b0-436c-bea9-b748c61c6de0', 'Recepsão, veterinário, ajendamento', FALSE, '5541b0b0-d9d3-4d96-8cd8-62a5db5259da', '2025-03-09T23:37:43.448Z', '2025-03-09T23:37:43.448Z'),
('416d095c-3d7f-4aa2-88fc-c52a16064d32', 'Recepção, veterínario, agendamento', FALSE, '5541b0b0-d9d3-4d96-8cd8-62a5db5259da', '2025-03-09T23:37:43.448Z', '2025-03-09T23:37:43.448Z'),
('df9066f3-d03b-4000-a24c-684bbcf9003b', 'Pessoa que sente e entende as emoções dos outros', TRUE, '96a52ec4-8b17-4440-b205-7725635f4885', '2025-03-09T23:37:43.454Z', '2025-03-09T23:37:43.454Z'),
('a727d3fd-a6a8-445d-9e8c-8edcf9512fea', 'Pessoa distraída', FALSE, '96a52ec4-8b17-4440-b205-7725635f4885', '2025-03-09T23:37:43.454Z', '2025-03-09T23:37:43.454Z'),
('ac667b0a-d22e-4f55-96dd-bcd1470ca51f', 'Pessoa rude', FALSE, '96a52ec4-8b17-4440-b205-7725635f4885', '2025-03-09T23:37:43.454Z', '2025-03-09T23:37:43.454Z'),
('9494622b-7dbf-42e1-8530-a9cc534d8fa0', 'Pessoa insegura', FALSE, '96a52ec4-8b17-4440-b205-7725635f4885', '2025-03-09T23:37:43.454Z', '2025-03-09T23:37:43.454Z'),
('e0e6e66b-fd09-4034-8af4-818e04a2c667', 'Ele assistiu o filme.', FALSE, 'bc8741c7-2a64-49cf-bcc8-2fc402d54d3b', '2025-03-09T23:37:43.460Z', '2025-03-09T23:37:43.460Z'),
('22c67aff-e04d-4d16-ab66-06c4109bf587', 'Ele assistiu ao filme.', TRUE, 'bc8741c7-2a64-49cf-bcc8-2fc402d54d3b', '2025-03-09T23:37:43.460Z', '2025-03-09T23:37:43.460Z'),
('60e57259-4b03-44be-b4b8-b525c37eb0d0', 'Ele assistiu no filme.', FALSE, 'bc8741c7-2a64-49cf-bcc8-2fc402d54d3b', '2025-03-09T23:37:43.460Z', '2025-03-09T23:37:43.460Z'),
('18aed4b5-1e36-4342-a807-beae0d8a9a60', 'Ele assistiu de filme.', FALSE, 'bc8741c7-2a64-49cf-bcc8-2fc402d54d3b', '2025-03-09T23:37:43.460Z', '2025-03-09T23:37:43.460Z'),
('6cccf85b-a415-4639-99d3-680287e43c37', 'Igual', FALSE, '2fc694a8-2d9c-43b0-8597-3d0484255f56', '2025-03-09T23:37:43.465Z', '2025-03-09T23:37:43.465Z'),
('8582a899-9d50-46c5-9320-6b328598c582', 'Invertido', FALSE, '2fc694a8-2d9c-43b0-8597-3d0484255f56', '2025-03-09T23:37:43.465Z', '2025-03-09T23:37:43.465Z'),
('9ab0408b-3a73-4b98-bb11-6d39e3881b4b', 'Rotacionado', TRUE, '2fc694a8-2d9c-43b0-8597-3d0484255f56', '2025-03-09T23:37:43.465Z', '2025-03-09T23:37:43.465Z'),
('d84234a4-030d-4a54-9466-6724db15c527', 'Não muda', FALSE, '2fc694a8-2d9c-43b0-8597-3d0484255f56', '2025-03-09T23:37:43.465Z', '2025-03-09T23:37:43.465Z'),
('700d01d9-c155-4318-b571-292e1e30c847', '1', FALSE, 'e0a14bfc-ff33-47f2-9a2f-6c262bb66a1a', '2025-03-09T23:37:43.471Z', '2025-03-09T23:37:43.471Z'),
('9c86193c-6d32-4de6-adce-b7117c4147bc', '2', FALSE, 'e0a14bfc-ff33-47f2-9a2f-6c262bb66a1a', '2025-03-09T23:37:43.471Z', '2025-03-09T23:37:43.471Z'),
('7130612c-bd51-4baf-bdbd-4922ebe79c86', '4', TRUE, 'e0a14bfc-ff33-47f2-9a2f-6c262bb66a1a', '2025-03-09T23:37:43.471Z', '2025-03-09T23:37:43.471Z'),
('1063d066-94ac-44f7-acb1-284906c8b8bc', '8', FALSE, 'e0a14bfc-ff33-47f2-9a2f-6c262bb66a1a', '2025-03-09T23:37:43.471Z', '2025-03-09T23:37:43.471Z'),
('4862d3d2-e97b-4d54-826d-9fe616669e90', 'Um retângulo', FALSE, 'ccd3f3ec-0611-4dd9-9689-b90d16545e88', '2025-03-09T23:37:43.476Z', '2025-03-09T23:37:43.476Z'),
('a12d6e8b-82ba-4b96-b592-8853f8516b21', 'Seis quadrados', TRUE, 'ccd3f3ec-0611-4dd9-9689-b90d16545e88', '2025-03-09T23:37:43.476Z', '2025-03-09T23:37:43.476Z'),
('45d6c42c-66ac-4d52-939f-7cf71e0f8f31', 'Três triângulos', FALSE, 'ccd3f3ec-0611-4dd9-9689-b90d16545e88', '2025-03-09T23:37:43.476Z', '2025-03-09T23:37:43.476Z'),
('1b0cb481-8873-4d36-84cc-7a2643e18509', 'Dois círculos', FALSE, 'ccd3f3ec-0611-4dd9-9689-b90d16545e88', '2025-03-09T23:37:43.476Z', '2025-03-09T23:37:43.476Z'),
('36340fa4-febf-4d51-aa73-3d0283e61033', 'Igual', TRUE, '053380b3-262a-4f9f-a7c0-3ac850160f62', '2025-03-09T23:37:43.483Z', '2025-03-09T23:37:43.483Z'),
('e9a05b20-9eb7-46dc-93e2-f39c7414b23a', 'Diferente', FALSE, '053380b3-262a-4f9f-a7c0-3ac850160f62', '2025-03-09T23:37:43.483Z', '2025-03-09T23:37:43.483Z'),
('69c87889-599d-4775-9e39-46ead3f262ad', 'Oval', FALSE, '053380b3-262a-4f9f-a7c0-3ac850160f62', '2025-03-09T23:37:43.483Z', '2025-03-09T23:37:43.483Z'),
('32f43cbc-c9d0-41eb-b093-ad4e86912e85', 'Quadrada', FALSE, '053380b3-262a-4f9f-a7c0-3ac850160f62', '2025-03-09T23:37:43.483Z', '2025-03-09T23:37:43.483Z'),
('409196e2-6d08-40ce-96bb-c748bf70ed68', 'Prisma', FALSE, 'dd5d5825-e5fa-451c-bd45-c6ee83d5ccd1', '2025-03-09T23:37:43.488Z', '2025-03-09T23:37:43.488Z'),
('1fc9aceb-0911-4ea2-ba2d-802f8cf1503c', 'Pirâmide', FALSE, 'dd5d5825-e5fa-451c-bd45-c6ee83d5ccd1', '2025-03-09T23:37:43.488Z', '2025-03-09T23:37:43.488Z'),
('e6f92d3d-c429-40e5-87b8-3016e7c83ce2', 'Cubo', TRUE, 'dd5d5825-e5fa-451c-bd45-c6ee83d5ccd1', '2025-03-09T23:37:43.488Z', '2025-03-09T23:37:43.488Z'),
('3f9928b7-8b80-4a14-ad14-451c08c9bb43', 'Cilindro', FALSE, 'dd5d5825-e5fa-451c-bd45-c6ee83d5ccd1', '2025-03-09T23:37:43.488Z', '2025-03-09T23:37:43.488Z'),
('1a91890d-f60d-4aa6-bbd2-703a2517e935', 'Seis quadrados', FALSE, 'b87a3264-c388-49c6-a6db-a0becbff96dd', '2025-03-09T23:37:43.494Z', '2025-03-09T23:37:43.494Z'),
('2da4330d-7b7b-4699-98e0-c9c59413d91b', 'Quatro quadrados e dois retângulos', FALSE, 'b87a3264-c388-49c6-a6db-a0becbff96dd', '2025-03-09T23:37:43.494Z', '2025-03-09T23:37:43.494Z'),
('efbc0449-07a5-43df-90d8-8b728f8271b5', 'Dois triângulos e quatro quadrados', TRUE, 'b87a3264-c388-49c6-a6db-a0becbff96dd', '2025-03-09T23:37:43.494Z', '2025-03-09T23:37:43.494Z'),
('7b3d84d1-afc2-4432-883b-efd2cffe0bd4', 'Cinco quadrados', FALSE, 'b87a3264-c388-49c6-a6db-a0becbff96dd', '2025-03-09T23:37:43.494Z', '2025-03-09T23:37:43.494Z'),
('dd8f2118-9486-42b5-b414-c122d09111c4', 'Triângulo', FALSE, '5daeb30a-f0f3-4307-9097-4d7e68cf88c2', '2025-03-09T23:37:43.499Z', '2025-03-09T23:37:43.499Z'),
('fa5afac8-c2fb-43b5-82bf-365be6f08b85', 'Círculo', FALSE, '5daeb30a-f0f3-4307-9097-4d7e68cf88c2', '2025-03-09T23:37:43.499Z', '2025-03-09T23:37:43.499Z'),
('4952191e-c56e-40f2-b9f0-0597a074c4d9', 'Quadrado', FALSE, '5daeb30a-f0f3-4307-9097-4d7e68cf88c2', '2025-03-09T23:37:43.499Z', '2025-03-09T23:37:43.499Z'),
('3a6e20b5-eb8c-43d1-b110-d3a140c73cde', 'Depende do formato do prédio', TRUE, '5daeb30a-f0f3-4307-9097-4d7e68cf88c2', '2025-03-09T23:37:43.499Z', '2025-03-09T23:37:43.499Z'),
('7af23ae3-1ae0-459a-8683-58dadd42ba06', 'Um círculo ou um retângulo', TRUE, '8c856266-0f8b-48fc-bc5a-aeff955e8aaa', '2025-03-09T23:37:43.505Z', '2025-03-09T23:37:43.505Z'),
('7dcf7c8e-36a8-4128-8490-7ee002442692', 'Apenas um círculo', FALSE, '8c856266-0f8b-48fc-bc5a-aeff955e8aaa', '2025-03-09T23:37:43.505Z', '2025-03-09T23:37:43.505Z'),
('cadf00d7-275a-483b-9289-7f7ba992e64b', 'Apenas um retângulo', FALSE, '8c856266-0f8b-48fc-bc5a-aeff955e8aaa', '2025-03-09T23:37:43.505Z', '2025-03-09T23:37:43.505Z'),
('517bfd9d-6f5a-47e6-978d-6671c92efca3', 'Um triângulo', FALSE, '8c856266-0f8b-48fc-bc5a-aeff955e8aaa', '2025-03-09T23:37:43.505Z', '2025-03-09T23:37:43.505Z'),
('b607f618-e1c0-4738-960d-33013dd5e65e', '12', TRUE, 'de60a22d-1ea0-431f-9648-18d37d3149ea', '2025-03-09T23:37:43.511Z', '2025-03-09T23:37:43.511Z'),
('99447ad3-26a1-42e6-864c-bea1e12b0f31', '8', FALSE, 'de60a22d-1ea0-431f-9648-18d37d3149ea', '2025-03-09T23:37:43.511Z', '2025-03-09T23:37:43.511Z'),
('3c84e095-bd28-4d61-9502-0d0a5dc7983e', '6', FALSE, 'de60a22d-1ea0-431f-9648-18d37d3149ea', '2025-03-09T23:37:43.511Z', '2025-03-09T23:37:43.511Z'),
('1de93e2f-836f-466f-a1a3-209a42396e50', '10', FALSE, 'de60a22d-1ea0-431f-9648-18d37d3149ea', '2025-03-09T23:37:43.511Z', '2025-03-09T23:37:43.511Z'),
('0e08d925-f13e-4680-91c6-32c74b57e6de', 'Um cilindro', FALSE, 'f7cedbed-41c7-471b-a43d-845b5196177b', '2025-03-09T23:37:43.516Z', '2025-03-09T23:37:43.516Z'),
('c72c1347-4428-4f6f-9afb-c83743b01dd4', 'Uma pirâmide', TRUE, 'f7cedbed-41c7-471b-a43d-845b5196177b', '2025-03-09T23:37:43.516Z', '2025-03-09T23:37:43.516Z'),
('49b454c3-b747-46f7-b68d-43bad3ed7a49', 'Um cubo', FALSE, 'f7cedbed-41c7-471b-a43d-845b5196177b', '2025-03-09T23:37:43.516Z', '2025-03-09T23:37:43.516Z'),
('536bf8c8-3339-4506-bf20-5fcd6f552f7a', 'Um cone', FALSE, 'f7cedbed-41c7-471b-a43d-845b5196177b', '2025-03-09T23:37:43.516Z', '2025-03-09T23:37:43.516Z'),
('287d6110-0cf7-4c8c-8a95-f9418414b63e', 'A sempre leva a C', TRUE, 'e99e8632-13be-45ae-9943-1737de9e5b2b', '2025-03-09T23:37:43.522Z', '2025-03-09T23:37:43.522Z'),
('0cf35a97-459a-4f51-b3a0-3d5c3c633318', 'C leva a A', FALSE, 'e99e8632-13be-45ae-9943-1737de9e5b2b', '2025-03-09T23:37:43.522Z', '2025-03-09T23:37:43.522Z'),
('8a698e25-057c-437d-942c-3fb32188f9d5', 'A e C são independentes', FALSE, 'e99e8632-13be-45ae-9943-1737de9e5b2b', '2025-03-09T23:37:43.522Z', '2025-03-09T23:37:43.522Z'),
('13bfb894-8cd8-41aa-b6ba-34aedd308a78', 'Nenhuma das alternativas', FALSE, 'e99e8632-13be-45ae-9943-1737de9e5b2b', '2025-03-09T23:37:43.522Z', '2025-03-09T23:37:43.522Z'),
('b7af15d5-ba12-4f05-b261-0985d71864f4', 'A', TRUE, '4c62d384-5a0c-4bcb-bc09-319a3f069bb8', '2025-03-09T23:37:43.527Z', '2025-03-09T23:37:43.527Z'),
('63ab9a8e-511f-408a-afca-1f8a5343639f', 'B', FALSE, '4c62d384-5a0c-4bcb-bc09-319a3f069bb8', '2025-03-09T23:37:43.527Z', '2025-03-09T23:37:43.527Z'),
('5946ebd5-7e76-4f66-a63d-7043b8f91d6f', 'C', FALSE, '4c62d384-5a0c-4bcb-bc09-319a3f069bb8', '2025-03-09T23:37:43.527Z', '2025-03-09T23:37:43.527Z'),
('8e10ec22-af38-4651-ab64-e3cbbf758aa2', 'Nenhuma', FALSE, '4c62d384-5a0c-4bcb-bc09-319a3f069bb8', '2025-03-09T23:37:43.527Z', '2025-03-09T23:37:43.527Z'),
('68a1f90e-f843-4a93-872f-b753eca82cfa', 'Cão é para latido assim como gato é para miado', TRUE, 'fbb338c3-e263-4387-a35d-fad60f9fe787', '2025-03-09T23:37:43.533Z', '2025-03-09T23:37:43.533Z'),
('cdc02ce8-aabb-4f84-ab74-d8f8712e8ea4', 'Azul é para verde assim como quadrado é para círculo', FALSE, 'fbb338c3-e263-4387-a35d-fad60f9fe787', '2025-03-09T23:37:43.533Z', '2025-03-09T23:37:43.533Z'),
('e1dd3ca8-ace2-4d25-b756-e683dabf8a16', 'O sol é quente e a lua é grande', FALSE, 'fbb338c3-e263-4387-a35d-fad60f9fe787', '2025-03-09T23:37:43.533Z', '2025-03-09T23:37:43.533Z'),
('d438edf9-8dfa-4589-adce-936057d2525b', 'Nenhuma das anteriores', FALSE, 'fbb338c3-e263-4387-a35d-fad60f9fe787', '2025-03-09T23:37:43.533Z', '2025-03-09T23:37:43.533Z'),
('99dcedb7-8877-4c8f-8a2e-43467b0ad497', 'Cor', FALSE, 'bdf13e39-3ac5-41b0-ae29-afb3050604e5', '2025-03-09T23:37:43.539Z', '2025-03-09T23:37:43.539Z'),
('4a479d38-62cd-4c30-ade6-43edac4d3866', 'Massa', TRUE, 'bdf13e39-3ac5-41b0-ae29-afb3050604e5', '2025-03-09T23:37:43.539Z', '2025-03-09T23:37:43.539Z'),
('8e2c8f96-74e6-440d-85fa-72bc6748bfbd', 'Tamanho', FALSE, 'bdf13e39-3ac5-41b0-ae29-afb3050604e5', '2025-03-09T23:37:43.539Z', '2025-03-09T23:37:43.539Z'),
('1c9e8ab2-e946-4e05-bd23-f920883cd291', 'Nenhuma', FALSE, 'bdf13e39-3ac5-41b0-ae29-afb3050604e5', '2025-03-09T23:37:43.539Z', '2025-03-09T23:37:43.539Z'),
('efb3d1f5-1cc2-456f-8a04-f4d2d3d4c785', '10', FALSE, '48c9600b-6403-4142-9aaa-e556832ff14a', '2025-03-09T23:37:43.545Z', '2025-03-09T23:37:43.545Z'),
('b32baad6-de49-49aa-bdc8-44711e667e82', '20', FALSE, '48c9600b-6403-4142-9aaa-e556832ff14a', '2025-03-09T23:37:43.545Z', '2025-03-09T23:37:43.545Z'),
('ff007bad-0416-474d-9dcf-37d144e6464e', '25', TRUE, '48c9600b-6403-4142-9aaa-e556832ff14a', '2025-03-09T23:37:43.545Z', '2025-03-09T23:37:43.545Z'),
('6215c325-2ee7-4e3d-8e99-945b22c6d036', '30', FALSE, '48c9600b-6403-4142-9aaa-e556832ff14a', '2025-03-09T23:37:43.545Z', '2025-03-09T23:37:43.545Z'),
('078e5df0-036e-447c-8256-6f4d0f7a88bc', '30', FALSE, '5f2069c8-0057-48e9-90d2-4cc8cdacff20', '2025-03-09T23:37:43.550Z', '2025-03-09T23:37:43.550Z'),
('293edbd6-299e-4526-8863-b1f1f580b919', '36', FALSE, '5f2069c8-0057-48e9-90d2-4cc8cdacff20', '2025-03-09T23:37:43.550Z', '2025-03-09T23:37:43.550Z'),
('1392d0f3-e28c-4c0f-94b7-dc87ccdc1142', '48', TRUE, '5f2069c8-0057-48e9-90d2-4cc8cdacff20', '2025-03-09T23:37:43.550Z', '2025-03-09T23:37:43.550Z'),
('c1028ae3-1828-42f3-9c95-a7179de963a6', '60', FALSE, '5f2069c8-0057-48e9-90d2-4cc8cdacff20', '2025-03-09T23:37:43.550Z', '2025-03-09T23:37:43.550Z'),
('4e83ca04-6e03-4158-81f9-6eb7b498e508', 'Todas as maçãs são vermelhas', FALSE, '93d3662a-28d6-421d-8e5c-281b02a8d215', '2025-03-09T23:37:43.556Z', '2025-03-09T23:37:43.556Z'),
('415c408e-ef10-443c-8036-948b0ea0b42a', 'Nenhuma maçã é vermelha', FALSE, '93d3662a-28d6-421d-8e5c-281b02a8d215', '2025-03-09T23:37:43.556Z', '2025-03-09T23:37:43.556Z'),
('290d97a2-f776-4bd4-905f-f917555449a2', 'Algumas maçãs podem ser vermelhas', TRUE, '93d3662a-28d6-421d-8e5c-281b02a8d215', '2025-03-09T23:37:43.556Z', '2025-03-09T23:37:43.556Z'),
('13047d46-53ad-484c-9c34-c4963bec6464', 'Todas as frutas são maçãs', FALSE, '93d3662a-28d6-421d-8e5c-281b02a8d215', '2025-03-09T23:37:43.556Z', '2025-03-09T23:37:43.556Z'),
('7ff04e96-a0bc-4623-becf-43779cb393ca', '6', FALSE, '261bcfcc-a6a1-4293-b104-4842b5cdce94', '2025-03-09T23:37:43.562Z', '2025-03-09T23:37:43.562Z'),
('07df39ef-240f-40a9-b2fe-edd879a8324a', '7', FALSE, '261bcfcc-a6a1-4293-b104-4842b5cdce94', '2025-03-09T23:37:43.562Z', '2025-03-09T23:37:43.562Z'),
('f3d1bf06-77f2-43d0-9a3f-46d97b75a11b', '8', FALSE, '261bcfcc-a6a1-4293-b104-4842b5cdce94', '2025-03-09T23:37:43.562Z', '2025-03-09T23:37:43.562Z'),
('a51ea41e-669b-4ebc-b6d5-62677e4e3a7a', '9', TRUE, '261bcfcc-a6a1-4293-b104-4842b5cdce94', '2025-03-09T23:37:43.562Z', '2025-03-09T23:37:43.562Z'),
('94a04cfc-01d6-4190-9221-cba341487de9', '6', FALSE, 'a32f10f7-44fc-44e4-8ee7-113d88131d89', '2025-03-09T23:37:43.568Z', '2025-03-09T23:37:43.568Z'),
('46bfa5b8-6e4a-4db8-b525-57ea850e4876', '7', FALSE, 'a32f10f7-44fc-44e4-8ee7-113d88131d89', '2025-03-09T23:37:43.568Z', '2025-03-09T23:37:43.568Z'),
('3f2c9706-f0b3-45e5-b9c2-fe47f36de253', '8', TRUE, 'a32f10f7-44fc-44e4-8ee7-113d88131d89', '2025-03-09T23:37:43.568Z', '2025-03-09T23:37:43.568Z'),
('1087c55f-d380-4c9a-bba2-50cecab36ba5', '9', FALSE, 'a32f10f7-44fc-44e4-8ee7-113d88131d89', '2025-03-09T23:37:43.568Z', '2025-03-09T23:37:43.568Z'),
('94c9ef05-3fea-4111-9763-32e3116d18b1', '△', TRUE, 'fec6bd07-7e1b-4842-a6e1-ac660c87b867', '2025-03-09T23:37:43.573Z', '2025-03-09T23:37:43.573Z'),
('2a86157f-a2af-42c7-bcee-d01de6803e4e', '◻', FALSE, 'fec6bd07-7e1b-4842-a6e1-ac660c87b867', '2025-03-09T23:37:43.573Z', '2025-03-09T23:37:43.573Z'),
('11acafb4-9152-40e0-a26a-349afed36f61', '⬟', FALSE, 'fec6bd07-7e1b-4842-a6e1-ac660c87b867', '2025-03-09T23:37:43.573Z', '2025-03-09T23:37:43.573Z'),
('654c01c6-d9a7-4287-9807-6536ef5441cb', 'Nenhuma', FALSE, 'fec6bd07-7e1b-4842-a6e1-ac660c87b867', '2025-03-09T23:37:43.573Z', '2025-03-09T23:37:43.573Z'),
('ac6d9e2d-8834-4504-814f-714c6ea07b41', 'Ignoro, pois não é minha culpa', FALSE, '1348dbd6-afc7-4e3d-905a-5b7178c0921b', '2025-03-09T23:37:43.579Z', '2025-03-09T23:37:43.579Z'),
('5f5a598a-f807-4bf4-a344-b277152832eb', 'Explico a situação e tento resolver com cortesia', TRUE, '1348dbd6-afc7-4e3d-905a-5b7178c0921b', '2025-03-09T23:37:43.579Z', '2025-03-09T23:37:43.579Z'),
('90cb5fbb-97f2-494e-ab2c-da77fb9d10b8', 'Peço para ele esperar mais', FALSE, '1348dbd6-afc7-4e3d-905a-5b7178c0921b', '2025-03-09T23:37:43.579Z', '2025-03-09T23:37:43.579Z'),
('5510663d-cec1-4d00-beb3-edc46a68442e', 'Respondo de forma irritada também', FALSE, '1348dbd6-afc7-4e3d-905a-5b7178c0921b', '2025-03-09T23:37:43.579Z', '2025-03-09T23:37:43.579Z'),
('4c3e539f-bbb8-4dcf-a789-ff7caf49b06d', 'Aponto o erro para todos', FALSE, 'c036177c-e130-4df0-8a51-458337c8f03b', '2025-03-09T23:37:43.584Z', '2025-03-09T23:37:43.584Z'),
('4b1961ea-0d54-4832-a381-737ff8acf4c7', 'Corrijo discretamente e explico ao colega', TRUE, 'c036177c-e130-4df0-8a51-458337c8f03b', '2025-03-09T23:37:43.584Z', '2025-03-09T23:37:43.584Z'),
('bf0972c6-a296-47b9-a266-e8854860c858', 'Deixo o erro como está', FALSE, 'c036177c-e130-4df0-8a51-458337c8f03b', '2025-03-09T23:37:43.584Z', '2025-03-09T23:37:43.584Z'),
('a620d2f0-a5a7-44e3-9ca8-293b74d3cae5', 'Reclamo para o chefe', FALSE, 'c036177c-e130-4df0-8a51-458337c8f03b', '2025-03-09T23:37:43.584Z', '2025-03-09T23:37:43.584Z'),
('0b99ab90-f05c-4a15-bc9f-8f8c5f9b5810', 'Atender quem chegou primeiro', TRUE, '238624a9-a5f3-4162-ac35-9318d3606325', '2025-03-09T23:37:43.591Z', '2025-03-09T23:37:43.591Z'),
('4ef14b23-f293-427c-9152-088bfe219224', 'Atender quem parecer mais apressado', FALSE, '238624a9-a5f3-4162-ac35-9318d3606325', '2025-03-09T23:37:43.591Z', '2025-03-09T23:37:43.591Z'),
('19f494a8-dadf-4489-9d82-beac92184aef', 'Ignorar um dos clientes', FALSE, '238624a9-a5f3-4162-ac35-9318d3606325', '2025-03-09T23:37:43.591Z', '2025-03-09T23:37:43.591Z'),
('32062e67-64d9-4755-8ba9-f0eda6049fcb', 'Atender quem for mais simpático', FALSE, '238624a9-a5f3-4162-ac35-9318d3606325', '2025-03-09T23:37:43.591Z', '2025-03-09T23:37:43.591Z'),
('cb65ec70-7532-4083-9023-07b459c1663d', 'Dizer que não sabe e desligar', FALSE, '296c3fd7-716a-41f9-91bb-5397bd9c0f0b', '2025-03-09T23:37:43.596Z', '2025-03-09T23:37:43.596Z'),
('88b71330-381f-421c-a0a4-a569b6e0c801', 'Inventar uma resposta para não parecer desinformado', FALSE, '296c3fd7-716a-41f9-91bb-5397bd9c0f0b', '2025-03-09T23:37:43.596Z', '2025-03-09T23:37:43.596Z'),
('c1bda6c7-224e-41c0-8776-683c780460d4', 'Informar que irá verificar e retornará com a resposta correta', TRUE, '296c3fd7-716a-41f9-91bb-5397bd9c0f0b', '2025-03-09T23:37:43.596Z', '2025-03-09T23:37:43.596Z'),
('30f08838-72fa-4951-9ebe-17f618071dc4', 'Pedir para ele procurar a informação sozinho', FALSE, '296c3fd7-716a-41f9-91bb-5397bd9c0f0b', '2025-03-09T23:37:43.596Z', '2025-03-09T23:37:43.596Z'),
('affc9f35-75ef-406c-add5-d8734286e184', 'Ignoro o telefone', FALSE, 'cb34928d-2623-49f4-b93e-c1b9c4136751', '2025-03-09T23:37:43.602Z', '2025-03-09T23:37:43.602Z'),
('3770f739-86ff-495b-bf3d-d0c163523784', 'Peço licença ao cliente e atendo brevemente', TRUE, 'cb34928d-2623-49f4-b93e-c1b9c4136751', '2025-03-09T23:37:43.602Z', '2025-03-09T23:37:43.602Z'),
('69bc4525-1eff-40b6-aa77-9d2a8d483227', 'Desligo o telefone', FALSE, 'cb34928d-2623-49f4-b93e-c1b9c4136751', '2025-03-09T23:37:43.602Z', '2025-03-09T23:37:43.602Z'),
('17a770e9-9ef4-4c5a-aeb7-be3e78c91b30', 'Peço ao cliente para esperar enquanto atendo a ligação longa', FALSE, 'cb34928d-2623-49f4-b93e-c1b9c4136751', '2025-03-09T23:37:43.602Z', '2025-03-09T23:37:43.602Z'),
('49be9150-a364-42ae-aa2b-640d0737a18c', 'Explicar a situação e tentar encaixar o atendimento urgente', TRUE, 'b249fa30-5e6a-4c98-85f7-66fad0a525ba', '2025-03-09T23:37:43.607Z', '2025-03-09T23:37:43.607Z'),
('06822590-bfb3-49e4-b550-2eda50a24fd2', 'Dizer que não pode atender', FALSE, 'b249fa30-5e6a-4c98-85f7-66fad0a525ba', '2025-03-09T23:37:43.607Z', '2025-03-09T23:37:43.607Z'),
('4846be6a-db69-451f-b2e3-492706d040cc', 'Mandar ele voltar outro dia', FALSE, 'b249fa30-5e6a-4c98-85f7-66fad0a525ba', '2025-03-09T23:37:43.607Z', '2025-03-09T23:37:43.607Z'),
('f051544b-ac25-4755-bace-3f0e47cac607', 'Ignorar a situação', FALSE, 'b249fa30-5e6a-4c98-85f7-66fad0a525ba', '2025-03-09T23:37:43.607Z', '2025-03-09T23:37:43.607Z'),
('e33589c6-c34f-4843-a39f-0e8bb190ec15', 'Explico a falta de horários e ofereço a primeira vaga possível', TRUE, '97c52741-735f-44db-8f0f-f846ce68bdf6', '2025-03-09T23:37:43.613Z', '2025-03-09T23:37:43.613Z'),
('88ac4b8f-2790-46ec-8157-774cb34a74aa', 'Digo apenas que não há vagas e desligo', FALSE, '97c52741-735f-44db-8f0f-f846ce68bdf6', '2025-03-09T23:37:43.613Z', '2025-03-09T23:37:43.613Z'),
('f3524263-b998-4a39-bba9-3e13f19f8d8c', 'Peço para ele insistir outro dia', FALSE, '97c52741-735f-44db-8f0f-f846ce68bdf6', '2025-03-09T23:37:43.613Z', '2025-03-09T23:37:43.613Z'),
('07e3da4c-3cd2-4aa5-ac6c-fcdd884f76a5', 'Marco sem permissão e tento encaixar depois', FALSE, '97c52741-735f-44db-8f0f-f846ce68bdf6', '2025-03-09T23:37:43.613Z', '2025-03-09T23:37:43.613Z'),
('6392b115-318f-41cb-9f0c-99218ef7b691', 'Cobra o valor correto educadamente', TRUE, 'd412bc70-3503-4a15-846c-5de1274a07b4', '2025-03-09T23:37:43.618Z', '2025-03-09T23:37:43.618Z'),
('3b9cb799-3b1a-4fb9-adfa-57cc93b2e340', 'Aproveita o erro para cobrar mais', FALSE, 'd412bc70-3503-4a15-846c-5de1274a07b4', '2025-03-09T23:37:43.618Z', '2025-03-09T23:37:43.618Z'),
('818b44ee-8b7b-4359-bced-8cdcbcd396d7', 'Diz que não é sua responsabilidade', FALSE, 'd412bc70-3503-4a15-846c-5de1274a07b4', '2025-03-09T23:37:43.618Z', '2025-03-09T23:37:43.618Z'),
('10dcf95f-cd15-4d29-b298-8346d817e348', 'Ignora e deixa como está', FALSE, 'd412bc70-3503-4a15-846c-5de1274a07b4', '2025-03-09T23:37:43.618Z', '2025-03-09T23:37:43.618Z'),
('f2b75c5d-7b30-48db-8c42-5470e0c47f09', 'Ignorar e continuar no seu ritmo', FALSE, 'd4d35add-4fb7-41a6-9f62-77c17cc865f4', '2025-03-09T23:37:43.624Z', '2025-03-09T23:37:43.624Z'),
('aabdda86-a2ac-4a0c-9b4f-5fe1768c5c27', 'Perguntar se pode ajudar', TRUE, 'd4d35add-4fb7-41a6-9f62-77c17cc865f4', '2025-03-09T23:37:43.624Z', '2025-03-09T23:37:43.624Z'),
('105d5736-055e-4275-964b-b715e8827d34', 'Sair mais cedo do trabalho', FALSE, 'd4d35add-4fb7-41a6-9f62-77c17cc865f4', '2025-03-09T23:37:43.624Z', '2025-03-09T23:37:43.624Z'),
('eafb1971-0bd3-4bb6-b6b9-2e35f6caa8ab', 'Dizer que também está ocupado mesmo sem estar', FALSE, 'd4d35add-4fb7-41a6-9f62-77c17cc865f4', '2025-03-09T23:37:43.624Z', '2025-03-09T23:37:43.624Z'),
('75bc64b1-0307-49ed-ba26-8035a2c14424', 'Agradece e repassa o elogio à equipe', TRUE, '2ee47d63-81cf-4932-a390-e467da54a87f', '2025-03-09T23:37:43.630Z', '2025-03-09T23:37:43.630Z'),
('a3aa2c2b-9cda-41a9-849e-a308622a33bc', 'Ignora', FALSE, '2ee47d63-81cf-4932-a390-e467da54a87f', '2025-03-09T23:37:43.630Z', '2025-03-09T23:37:43.630Z'),
('db8434c2-33d7-46f4-b660-36959ae9d85e', 'Diz que foi sorte', FALSE, '2ee47d63-81cf-4932-a390-e467da54a87f', '2025-03-09T23:37:43.630Z', '2025-03-09T23:37:43.630Z'),
('b2e04e26-36b4-4dd2-bfcd-65c196621faf', 'Fala que sempre deveria ser assim', FALSE, '2ee47d63-81cf-4932-a390-e467da54a87f', '2025-03-09T23:37:43.630Z', '2025-03-09T23:37:43.630Z'),
('01ab9a28-d41a-4665-85b9-c86fd3802e14', '40 mg', FALSE, '279ebc4d-d935-46de-8f22-caba04ecf36b', '2025-03-09T23:44:51.662Z', '2025-03-09T23:44:51.662Z'),
('6bca74f9-ef2a-4381-96de-08389866bfbb', '50 mg', TRUE, '279ebc4d-d935-46de-8f22-caba04ecf36b', '2025-03-09T23:44:51.662Z', '2025-03-09T23:44:51.662Z'),
('867a534a-3b06-49b7-82bd-bb1bfea8b566', '45 mg', FALSE, '279ebc4d-d935-46de-8f22-caba04ecf36b', '2025-03-09T23:44:51.662Z', '2025-03-09T23:44:51.662Z'),
('5e5047b5-cbf7-4864-aa58-3fa28a71f662', '55 mg', FALSE, '279ebc4d-d935-46de-8f22-caba04ecf36b', '2025-03-09T23:44:51.662Z', '2025-03-09T23:44:51.662Z'),
('1c95d154-bf3d-49c6-ba5f-5eb9860e8705', '5', FALSE, '0f069a6f-4479-49f9-8fef-34487bd577b5', '2025-03-09T23:44:51.687Z', '2025-03-09T23:44:51.687Z'),
('2ec2828f-3139-47fe-bcef-aa4541a4ab11', '6', FALSE, '0f069a6f-4479-49f9-8fef-34487bd577b5', '2025-03-09T23:44:51.687Z', '2025-03-09T23:44:51.687Z'),
('ac3b89dd-27c1-4dbe-962e-235ea16c040c', '7', TRUE, '0f069a6f-4479-49f9-8fef-34487bd577b5', '2025-03-09T23:44:51.687Z', '2025-03-09T23:44:51.687Z'),
('abdb8a45-812f-4679-b994-5fc54bca8ffe', '8', FALSE, '0f069a6f-4479-49f9-8fef-34487bd577b5', '2025-03-09T23:44:51.687Z', '2025-03-09T23:44:51.687Z'),
('330e92e8-2c8c-432c-bc4c-d2e1ee6d1b4c', '25', FALSE, 'ef521f96-bc72-4a7e-96a7-0423bd41c173', '2025-03-09T23:44:51.696Z', '2025-03-09T23:44:51.696Z'),
('effdbe75-416d-4a20-9d32-b634dce25335', '30', TRUE, 'ef521f96-bc72-4a7e-96a7-0423bd41c173', '2025-03-09T23:44:51.696Z', '2025-03-09T23:44:51.696Z'),
('1163e697-4157-48d5-8193-d96e89ff399f', '35', FALSE, 'ef521f96-bc72-4a7e-96a7-0423bd41c173', '2025-03-09T23:44:51.696Z', '2025-03-09T23:44:51.696Z'),
('94bc2658-480f-41fc-935f-08e4b42fa1f7', '40', FALSE, 'ef521f96-bc72-4a7e-96a7-0423bd41c173', '2025-03-09T23:44:51.696Z', '2025-03-09T23:44:51.696Z'),
('45556bfb-4564-4857-8411-cca6a05ddf71', 'R$ 22,00', FALSE, '99052e6e-24b6-4f84-9e03-037cb92e8ff3', '2025-03-09T23:44:51.713Z', '2025-03-09T23:44:51.713Z'),
('de9a53ab-f7c5-435e-b89d-633fdc2072b2', 'R$ 25,00', FALSE, '99052e6e-24b6-4f84-9e03-037cb92e8ff3', '2025-03-09T23:44:51.713Z', '2025-03-09T23:44:51.713Z'),
('05c9556b-1f65-4583-85e3-2e34bf71a7a9', 'R$ 26,00', TRUE, '99052e6e-24b6-4f84-9e03-037cb92e8ff3', '2025-03-09T23:44:51.713Z', '2025-03-09T23:44:51.713Z'),
('42bc33c4-a374-47b9-9bb9-3ca372197485', 'R$ 30,00', FALSE, '99052e6e-24b6-4f84-9e03-037cb92e8ff3', '2025-03-09T23:44:51.713Z', '2025-03-09T23:44:51.713Z'),
('92517576-9530-48a6-b76e-e257feb9b887', '2 kg', FALSE, '7d2f2847-2d52-4603-a7bc-9b3c06754f6a', '2025-03-09T23:44:51.721Z', '2025-03-09T23:44:51.721Z'),
('ac1acc1f-30e1-4f42-8b99-fb3e9857524a', '3 kg', TRUE, '7d2f2847-2d52-4603-a7bc-9b3c06754f6a', '2025-03-09T23:44:51.721Z', '2025-03-09T23:44:51.721Z'),
('cb5df659-4646-49fb-b0c9-3e89dc17f076', '4 kg', FALSE, '7d2f2847-2d52-4603-a7bc-9b3c06754f6a', '2025-03-09T23:44:51.721Z', '2025-03-09T23:44:51.721Z'),
('4b2fb5da-720a-41ab-824c-7c16543a25c0', '5 kg', FALSE, '7d2f2847-2d52-4603-a7bc-9b3c06754f6a', '2025-03-09T23:44:51.721Z', '2025-03-09T23:44:51.721Z'),
('9c82418e-b5c3-495b-94ae-5f669235867e', '24', FALSE, 'f9befdef-e208-4f9e-bc68-c86a8e4b6b96', '2025-03-09T23:49:45.895Z', '2025-03-09T23:49:45.894Z'),
('c1de8eac-c4b9-4536-a24a-b3cafef5c4c9', '30', TRUE, 'f9befdef-e208-4f9e-bc68-c86a8e4b6b96', '2025-03-09T23:49:45.898Z', '2025-03-09T23:49:45.897Z'),
('5ddbf7ca-22a6-4c7b-a6c3-c361b6bf513d', '28', FALSE, 'f9befdef-e208-4f9e-bc68-c86a8e4b6b96', '2025-03-09T23:49:45.900Z', '2025-03-09T23:49:45.899Z'),
('c7d22152-a5f9-4a78-96f1-30f1753b91aa', '36', FALSE, 'f9befdef-e208-4f9e-bc68-c86a8e4b6b96', '2025-03-09T23:49:45.903Z', '2025-03-09T23:49:45.902Z'),
('d940028a-198d-4b99-821e-28e3155fdd15', '9', FALSE, 'cc46992f-4079-48a9-832b-ce3f970e4425', '2025-03-09T23:50:26.038Z', '2025-03-09T23:50:26.037Z'),
('71e41b19-e150-4fae-beae-13bd06103d14', '14', TRUE, 'cc46992f-4079-48a9-832b-ce3f970e4425', '2025-03-09T23:50:26.042Z', '2025-03-09T23:50:26.041Z'),
('2d33d8d2-b470-4396-be78-80addf489cd0', '15', FALSE, 'cc46992f-4079-48a9-832b-ce3f970e4425', '2025-03-09T23:50:26.045Z', '2025-03-09T23:50:26.044Z'),
('c3fb3838-6fae-4f90-a30c-1c42b1e18091', '13', FALSE, 'cc46992f-4079-48a9-832b-ce3f970e4425', '2025-03-09T23:50:26.048Z', '2025-03-09T23:50:26.047Z'),
('b52cc56f-56e9-40e2-9741-e9acc9d18b39', '10', FALSE, '6d427f12-d188-439b-a520-c1b75870af55', '2025-03-09T23:57:39.007Z', '2025-03-09T23:57:39.006Z'),
('ca89befc-8192-455f-9571-6c6911a0997d', '15', FALSE, '6d427f12-d188-439b-a520-c1b75870af55', '2025-03-09T23:57:39.010Z', '2025-03-09T23:57:39.010Z'),
('6c94d8a3-aad6-46b5-bb22-c397e073554e', '12', FALSE, '6d427f12-d188-439b-a520-c1b75870af55', '2025-03-09T23:57:39.013Z', '2025-03-09T23:57:39.012Z'),
('529c6933-20f7-4653-b13c-3e81d6e2e2a3', '13', TRUE, '6d427f12-d188-439b-a520-c1b75870af55', '2025-03-09T23:57:39.016Z', '2025-03-09T23:57:39.015Z'),
('517240c0-43ab-4715-b082-6cf2a3b96c84', 'Todos os animais com seis patas são venenosos.', FALSE, '98281880-537f-4f21-804b-91918d146ee5', '2025-03-10T00:00:17.111Z', '2025-03-10T00:00:17.111Z'),
('56fe71d3-c5e9-4de9-9f3d-2c5cd72986e4', 'Nenhum animal com seis patas é venenoso.', FALSE, '98281880-537f-4f21-804b-91918d146ee5', '2025-03-10T00:00:17.114Z', '2025-03-10T00:00:17.114Z'),
('45c9c276-9471-44ca-8a8c-7fe1c816194d', 'Alguns animais com seis patas podem ser venenosos.', TRUE, '98281880-537f-4f21-804b-91918d146ee5', '2025-03-10T00:00:17.117Z', '2025-03-10T00:00:17.116Z'),
('b752b50a-db79-4434-ac38-04db1cf5b48e', 'Todos os insetos são animais com seis patas.', FALSE, '98281880-537f-4f21-804b-91918d146ee5', '2025-03-10T00:00:17.119Z', '2025-03-10T00:00:17.119Z');

-- Dados da tabela Candidate
INSERT INTO "Candidate" ("id", "name", "email", "phone", "position", "testDate", "completed", "createdAt", "updatedAt", "infoJobsLink", "interviewDate", "observations", "rating", "resumeFile", "socialMediaUrl", "status", "inviteCode", "inviteSent", "inviteAttempts", "inviteExpires", "github", "linkedin", "portfolio", "resumeUrl", "testId") VALUES
('f4ef3159-a8ad-4d72-8618-01efcf46e9bd', 'Jean Fernandes', 'jeanjonathasfb@gmail.com', '51982606176', NULL, '2025-03-10T00:59:54.809Z', FALSE, '2025-03-10T00:59:54.809Z', '2025-03-10T00:59:54.809Z', NULL, NULL, NULL, NULL, NULL, NULL, 'PENDING', '8974', FALSE, 0, '2025-03-17T00:59:58.217Z', NULL, NULL, NULL, NULL, '6955e772-5d28-4e69-b06c-100e059fea06');

-- Reabilitar restrições de chave estrangeira
SET session_replication_role = DEFAULT;

-- Migração concluída
